-- MySQL dump 10.13  Distrib 8.0.28, for Win64 (x86_64)
--
-- Host: localhost    Database: blue_it_db
-- ------------------------------------------------------
-- Server version	8.0.28

/*!40101 SET @OLD_CHARACTER_SET_CLIENT=@@CHARACTER_SET_CLIENT */;
/*!40101 SET @OLD_CHARACTER_SET_RESULTS=@@CHARACTER_SET_RESULTS */;
/*!40101 SET @OLD_COLLATION_CONNECTION=@@COLLATION_CONNECTION */;
/*!50503 SET NAMES utf8mb4 */;
/*!40103 SET @OLD_TIME_ZONE=@@TIME_ZONE */;
/*!40103 SET TIME_ZONE='+00:00' */;
/*!40014 SET @OLD_UNIQUE_CHECKS=@@UNIQUE_CHECKS, UNIQUE_CHECKS=0 */;
/*!40014 SET @OLD_FOREIGN_KEY_CHECKS=@@FOREIGN_KEY_CHECKS, FOREIGN_KEY_CHECKS=0 */;
/*!40101 SET @OLD_SQL_MODE=@@SQL_MODE, SQL_MODE='NO_AUTO_VALUE_ON_ZERO' */;
/*!40111 SET @OLD_SQL_NOTES=@@SQL_NOTES, SQL_NOTES=0 */;

--
-- Table structure for table `comment`
--

DROP TABLE IF EXISTS `comment`;
/*!40101 SET @saved_cs_client     = @@character_set_client */;
/*!50503 SET character_set_client = utf8mb4 */;
CREATE TABLE `comment` (
  `id` int NOT NULL AUTO_INCREMENT,
  `content` text NOT NULL,
  `user_id` int DEFAULT NULL,
  `post_id` int DEFAULT NULL,
  `created_at` datetime NOT NULL,
  `updated_at` datetime NOT NULL,
  PRIMARY KEY (`id`),
  KEY `user_id` (`user_id`),
  KEY `post_id` (`post_id`),
  CONSTRAINT `comment_ibfk_1` FOREIGN KEY (`user_id`) REFERENCES `user` (`id`) ON DELETE SET NULL ON UPDATE CASCADE,
  CONSTRAINT `comment_ibfk_2` FOREIGN KEY (`post_id`) REFERENCES `post` (`id`) ON DELETE SET NULL ON UPDATE CASCADE
) ENGINE=InnoDB AUTO_INCREMENT=206 DEFAULT CHARSET=utf8mb4 COLLATE=utf8mb4_0900_ai_ci;
/*!40101 SET character_set_client = @saved_cs_client */;

--
-- Dumping data for table `comment`
--

LOCK TABLES `comment` WRITE;
/*!40000 ALTER TABLE `comment` DISABLE KEYS */;
INSERT INTO `comment` VALUES (1,'Sed facilis harum facilis sed at a atque ab.',2,84,'2022-05-05 05:34:55','2022-05-05 05:34:55'),(2,'Quasi quas delectus aut.',23,85,'2022-05-05 05:34:55','2022-05-05 05:34:55'),(3,'Autem rem autem fugiat aut accusantium.',27,54,'2022-05-05 05:34:55','2022-05-05 05:34:55'),(4,'Qui eum delectus numquam dolorem eligendi perspiciatis molestiae eum repudiandae.',18,87,'2022-05-05 05:34:55','2022-05-05 05:34:55'),(5,'Occaecati necessitatibus neque et itaque similique pariatur alias.',11,34,'2022-05-05 05:34:55','2022-05-05 05:34:55'),(6,'Voluptatem itaque iure.',6,48,'2022-05-05 05:34:55','2022-05-05 05:34:55'),(7,'Ullam inventore voluptas quo eaque reprehenderit ab.',12,8,'2022-05-05 05:34:55','2022-05-05 05:34:55'),(8,'Boss Mason will be in charge!',1,6,'2022-05-05 05:34:55','2022-05-05 05:34:55'),(9,'Praesentium voluptate repellendus quis distinctio.',7,62,'2022-05-05 05:34:55','2022-05-05 05:34:55'),(10,'Quia eligendi numquam facere totam.',19,5,'2022-05-05 05:34:55','2022-05-05 05:34:55'),(11,'Totam voluptas veritatis quidem similique alias.',1,59,'2022-05-05 05:34:55','2022-05-05 05:34:55'),(12,'Non dolore numquam.',28,90,'2022-05-05 05:34:55','2022-05-05 05:34:55'),(13,'Voluptatem quia omnis non cupiditate exercitationem quia vitae quos ut.',4,95,'2022-05-05 05:34:55','2022-05-05 05:34:55'),(14,'Similique commodi non vitae iusto veritatis sint temporibus optio.',7,88,'2022-05-05 05:34:55','2022-05-05 05:34:55'),(15,'Repudiandae fugit qui.',4,27,'2022-05-05 05:34:55','2022-05-05 05:34:55'),(16,'Pariatur laboriosam quam consequatur voluptate temporibus pariatur voluptas.',8,66,'2022-05-05 05:34:55','2022-05-05 05:34:55'),(17,'Voluptas vel eveniet aut adipisci corporis quis.',15,39,'2022-05-05 05:34:55','2022-05-05 05:34:55'),(18,'Eum beatae magnam temporibus est dolores corrupti nihil.',9,56,'2022-05-05 05:34:55','2022-05-05 05:34:55'),(19,'Voluptatem aut cupiditate sunt nemo error itaque et et.',30,19,'2022-05-05 05:34:55','2022-05-05 05:34:55'),(20,'Nemo repellendus ut velit qui tempora ratione rerum nihil.',16,49,'2022-05-05 05:34:55','2022-05-05 05:34:55'),(21,'Ad dolores odio et nesciunt.',25,93,'2022-05-05 05:34:55','2022-05-05 05:34:55'),(22,'Aut enim optio ipsum doloribus.',20,52,'2022-05-05 05:34:55','2022-05-05 05:34:55'),(23,'Quia porro est praesentium aut consectetur quis ut.',18,55,'2022-05-05 05:34:55','2022-05-05 05:34:55'),(24,'Quia quia rerum.',17,4,'2022-05-05 05:34:55','2022-05-05 05:34:55'),(25,'Tenetur non libero tenetur deleniti praesentium.',30,79,'2022-05-05 05:34:55','2022-05-05 05:34:55'),(26,'Ipsam quos aut cupiditate quod explicabo nobis ea.',4,12,'2022-05-05 05:34:55','2022-05-05 05:34:55'),(27,'Enim quaerat amet est sit nihil quia.',11,20,'2022-05-05 05:34:55','2022-05-05 05:34:55'),(28,'Ad eveniet consectetur delectus qui quia.',24,11,'2022-05-05 05:34:55','2022-05-05 05:34:55'),(29,'Excepturi quam veniam a dolores saepe mollitia.',25,42,'2022-05-05 05:34:55','2022-05-05 05:34:55'),(30,'Eum ipsa labore qui possimus blanditiis enim natus sequi.',14,59,'2022-05-05 05:34:55','2022-05-05 05:34:55'),(31,'Odit soluta sequi.',11,2,'2022-05-05 05:34:55','2022-05-05 05:34:55'),(32,'Ipsam consequatur expedita ut.',8,25,'2022-05-05 05:34:55','2022-05-05 05:34:55'),(33,'Ut ut fuga et eaque cupiditate corporis quia recusandae.',28,98,'2022-05-05 05:34:55','2022-05-05 05:34:55'),(34,'Exercitationem minima adipisci natus maxime iusto.',6,40,'2022-05-05 05:34:55','2022-05-05 05:34:55'),(35,'Est ad sunt et sed nobis.',16,8,'2022-05-05 05:34:55','2022-05-05 05:34:55'),(36,'At excepturi tempore vel vel laborum ut et recusandae.',6,100,'2022-05-05 05:34:55','2022-05-05 05:34:55'),(37,'Architecto voluptates hic quia.',21,23,'2022-05-05 05:34:55','2022-05-05 05:34:55'),(38,'Qui laborum in alias soluta.',6,76,'2022-05-05 05:34:55','2022-05-05 05:34:55'),(39,'Temporibus dolorum et praesentium qui doloribus inventore.',11,93,'2022-05-05 05:34:55','2022-05-05 05:34:55'),(40,'Accusantium et dicta velit est eos.',4,68,'2022-05-05 05:34:55','2022-05-05 05:34:55'),(41,'Laudantium quasi consequuntur.',11,88,'2022-05-05 05:34:55','2022-05-05 05:34:55'),(42,'Perferendis adipisci quos magnam odit repellat iure enim.',8,100,'2022-05-05 05:34:55','2022-05-05 05:34:55'),(43,'Commodi atque illum dolorem magnam esse nesciunt.',19,9,'2022-05-05 05:34:55','2022-05-05 05:34:55'),(44,'Which Stephen???',2,6,'2022-05-05 05:34:55','2022-05-05 05:34:55'),(45,'Debitis accusamus corrupti praesentium dolores rerum neque expedita quia suscipit.',23,77,'2022-05-05 05:34:55','2022-05-05 05:34:55'),(46,'Placeat laudantium et pariatur unde.',6,78,'2022-05-05 05:34:55','2022-05-05 05:34:55'),(47,'Vel magni tempora rerum libero earum.',3,43,'2022-05-05 05:34:55','2022-05-05 05:34:55'),(48,'Incidunt quod hic temporibus ipsam beatae et.',23,20,'2022-05-05 05:34:55','2022-05-05 05:34:55'),(49,'Non accusantium repudiandae non error magnam aut ut nihil.',2,32,'2022-05-05 05:34:55','2022-05-05 05:34:55'),(50,'Veniam sed quae ut accusantium cumque est quidem vel.',17,74,'2022-05-05 05:34:55','2022-05-05 05:34:55'),(51,'Minus suscipit et totam rerum.',3,38,'2022-05-05 05:34:55','2022-05-05 05:34:55'),(52,'Facere aut consequatur blanditiis soluta nisi.',23,42,'2022-05-05 05:34:55','2022-05-05 05:34:55'),(53,'Quia necessitatibus sed enim debitis libero animi impedit nostrum.',23,92,'2022-05-05 05:34:55','2022-05-05 05:34:55'),(54,'Sed laborum et recusandae provident temporibus perferendis atque beatae sit.',3,65,'2022-05-05 05:34:55','2022-05-05 05:34:55'),(55,'Culpa accusamus similique saepe expedita nam repudiandae minus consequatur dolorum.',15,28,'2022-05-05 05:34:55','2022-05-05 05:34:55'),(56,'Aperiam nisi ab.',18,36,'2022-05-05 05:34:55','2022-05-05 05:34:55'),(57,'I don\'t care who teaches..',3,6,'2022-05-05 05:34:55','2022-05-05 05:34:55'),(58,'Unde earum ut totam.',29,12,'2022-05-05 05:34:55','2022-05-05 05:34:55'),(59,'Cumque accusamus sit.',24,32,'2022-05-05 05:34:55','2022-05-05 05:34:55'),(60,'Quidem tenetur officiis recusandae eveniet dignissimos.',16,32,'2022-05-05 05:34:55','2022-05-05 05:34:55'),(61,'Delectus tempora non ab quaerat quo nisi.',24,85,'2022-05-05 05:34:55','2022-05-05 05:34:55'),(62,'Est temporibus veniam incidunt fugit.',8,29,'2022-05-05 05:34:55','2022-05-05 05:34:55'),(63,'Nobis adipisci id saepe in.',26,27,'2022-05-05 05:34:55','2022-05-05 05:34:55'),(64,'Optio nobis beatae ut et corrupti dolorem molestiae et cumque.',1,41,'2022-05-05 05:34:55','2022-05-05 05:34:55'),(65,'Iure esse earum quos ratione et autem natus ea quos.',5,20,'2022-05-05 05:34:55','2022-05-05 05:34:55'),(66,'Repudiandae facere necessitatibus vel voluptatum qui.',12,49,'2022-05-05 05:34:55','2022-05-05 05:34:55'),(67,'Harum ut reprehenderit voluptatem maiores qui ratione quia voluptatem velit.',5,23,'2022-05-05 05:34:55','2022-05-05 05:34:55'),(68,'Voluptas dolorum reiciendis nihil corrupti autem sed magni quia perferendis.',16,55,'2022-05-05 05:34:55','2022-05-05 05:34:55'),(69,'Nobis blanditiis placeat omnis culpa qui vel rerum sequi.',21,88,'2022-05-05 05:34:55','2022-05-05 05:34:55'),(70,'Sed nisi alias.',30,48,'2022-05-05 05:34:55','2022-05-05 05:34:55'),(71,'Non excepturi quasi qui illo necessitatibus fugiat pariatur optio.',30,36,'2022-05-05 05:34:55','2022-05-05 05:34:55'),(72,'Sed illum qui aspernatur.',30,1,'2022-05-05 05:34:55','2022-05-05 05:34:55'),(73,'Inventore amet ut.',15,1,'2022-05-05 05:34:55','2022-05-05 05:34:55'),(74,'Illo doloribus rerum.',29,28,'2022-05-05 05:34:55','2022-05-05 05:34:55'),(75,'Ducimus porro veniam.',14,90,'2022-05-05 05:34:55','2022-05-05 05:34:55'),(76,'Aliquid distinctio consequatur nulla voluptatem voluptatem.',20,40,'2022-05-05 05:34:55','2022-05-05 05:34:55'),(77,'Sunt quaerat aut laborum atque nostrum.',1,81,'2022-05-05 05:34:55','2022-05-05 05:34:55'),(78,'Who is using my photo?',4,6,'2022-05-05 05:34:55','2022-05-05 05:34:55'),(79,'Inventore exercitationem id.',29,55,'2022-05-05 05:34:55','2022-05-05 05:34:55'),(80,'Exercitationem reprehenderit quidem eius et molestiae officiis optio voluptatem.',2,24,'2022-05-05 05:34:55','2022-05-05 05:34:55'),(81,'Suscipit iure rerum ex corporis.',7,29,'2022-05-05 05:34:55','2022-05-05 05:34:55'),(82,'Ipsam sunt facere omnis accusamus est.',27,55,'2022-05-05 05:34:55','2022-05-05 05:34:55'),(83,'Omnis voluptatum error consequatur molestiae ea et ipsum.',4,70,'2022-05-05 05:34:55','2022-05-05 05:34:55'),(84,'Ut sint voluptate alias animi dolor.',6,10,'2022-05-05 05:34:55','2022-05-05 05:34:55'),(85,'Et hic illo perferendis.',10,11,'2022-05-05 05:34:55','2022-05-05 05:34:55'),(86,'Hic molestiae excepturi ea rerum tempora dolorem.',10,46,'2022-05-05 05:34:55','2022-05-05 05:34:55'),(87,'Fuga eaque ipsa asperiores repellendus.',30,8,'2022-05-05 05:34:55','2022-05-05 05:34:55'),(88,'Rem veritatis necessitatibus eos est.',4,8,'2022-05-05 05:34:55','2022-05-05 05:34:55'),(89,'Porro et magni molestias dicta veniam voluptatibus quod aut quibusdam.',28,28,'2022-05-05 05:34:55','2022-05-05 05:34:55'),(90,'Dolores provident voluptate aliquam et eveniet omnis laborum cumque quia.',13,61,'2022-05-05 05:34:55','2022-05-05 05:34:55'),(91,'Inventore corporis et.',4,97,'2022-05-05 05:34:55','2022-05-05 05:34:55'),(92,'Nostrum nemo deleniti corporis commodi.',18,71,'2022-05-05 05:34:55','2022-05-05 05:34:55'),(93,'Magni aliquid delectus ex sed voluptate omnis atque consequuntur qui.',15,47,'2022-05-05 05:34:55','2022-05-05 05:34:55'),(94,'Magni excepturi dolorum quo sint veniam modi quia numquam expedita.',28,73,'2022-05-05 05:34:55','2022-05-05 05:34:55'),(95,'Unde quisquam perferendis.',26,51,'2022-05-05 05:34:55','2022-05-05 05:34:55'),(96,'Adipisci aut explicabo vel expedita maxime sed ad.',20,30,'2022-05-05 05:34:55','2022-05-05 05:34:55'),(97,'Sed qui quia tenetur modi dolorum.',16,1,'2022-05-05 05:34:55','2022-05-05 05:34:55'),(98,'Eum commodi voluptas enim.',2,2,'2022-05-05 05:34:55','2022-05-05 05:34:55'),(99,'Tenetur exercitationem ut fugiat nobis est dolore est pariatur.',20,78,'2022-05-05 05:34:55','2022-05-05 05:34:55'),(100,'Facilis iure molestias deserunt consequatur ut impedit facere.',30,91,'2022-05-05 05:34:55','2022-05-05 05:34:55'),(101,'Voluptas doloremque sed sint modi suscipit.',28,61,'2022-05-05 05:34:55','2022-05-05 05:34:55'),(102,'Aut consequatur quo illum nostrum.',14,69,'2022-05-05 05:34:55','2022-05-05 05:34:55'),(103,'Impedit ducimus eum odit perferendis.',5,3,'2022-05-05 05:34:55','2022-05-05 05:34:55'),(104,'Amet dolor ipsa quisquam.',19,27,'2022-05-05 05:34:55','2022-05-05 05:34:55'),(105,'Consequatur voluptates et modi voluptatem consequatur.',23,86,'2022-05-05 05:34:55','2022-05-05 05:34:55'),(106,'Deleniti rerum aut ducimus qui ut.',12,78,'2022-05-05 05:34:55','2022-05-05 05:34:55'),(107,'Ea quis velit eius vitae est maiores qui.',29,28,'2022-05-05 05:34:55','2022-05-05 05:34:55'),(108,'Nostrum quia qui atque perferendis impedit doloremque cupiditate sunt.',28,53,'2022-05-05 05:34:55','2022-05-05 05:34:55'),(109,'Reprehenderit et nihil dolore repellendus tenetur ipsa commodi nemo.',11,9,'2022-05-05 05:34:55','2022-05-05 05:34:55'),(110,'Est quaerat in qui ipsum.',29,17,'2022-05-05 05:34:55','2022-05-05 05:34:55'),(111,'Architecto deleniti nobis impedit ducimus praesentium voluptas et similique.',17,79,'2022-05-05 05:34:55','2022-05-05 05:34:55'),(112,'Eos quia quia voluptatibus autem.',20,44,'2022-05-05 05:34:55','2022-05-05 05:34:55'),(113,'Quis enim alias aut placeat sunt blanditiis fugiat.',14,85,'2022-05-05 05:34:55','2022-05-05 05:34:55'),(114,'Earum est velit facilis.',1,94,'2022-05-05 05:34:55','2022-05-05 05:34:55'),(115,'Qui animi necessitatibus adipisci sed.',28,76,'2022-05-05 05:34:55','2022-05-05 05:34:55'),(116,'Quia et quos perferendis quisquam sint.',14,48,'2022-05-05 05:34:55','2022-05-05 05:34:55'),(117,'Sint facere repudiandae veritatis voluptates debitis sed eveniet veniam rerum.',19,77,'2022-05-05 05:34:55','2022-05-05 05:34:55'),(118,'Amet neque est saepe.',14,74,'2022-05-05 05:34:55','2022-05-05 05:34:55'),(119,'Dolores qui hic consequatur tempore voluptates.',27,44,'2022-05-05 05:34:55','2022-05-05 05:34:55'),(120,'Illo saepe qui sit eos consequatur quam adipisci.',16,43,'2022-05-05 05:34:55','2022-05-05 05:34:55'),(121,'Sunt sunt incidunt aut dolorem et recusandae accusantium.',17,10,'2022-05-05 05:34:55','2022-05-05 05:34:55'),(122,'Cupiditate et non.',18,25,'2022-05-05 05:34:55','2022-05-05 05:34:55'),(123,'Libero quasi quisquam quos in sunt hic ea.',30,44,'2022-05-05 05:34:55','2022-05-05 05:34:55'),(124,'Cupiditate eligendi pariatur necessitatibus optio dolores explicabo facilis debitis.',12,28,'2022-05-05 05:34:55','2022-05-05 05:34:55'),(125,'Eligendi rerum fuga dolor.',10,47,'2022-05-05 05:34:55','2022-05-05 05:34:55'),(126,'Consequatur ex autem enim molestiae laborum voluptates laudantium nam in.',1,89,'2022-05-05 05:34:55','2022-05-05 05:34:55'),(127,'Qui aliquam consequatur assumenda nihil quo laboriosam quos voluptatibus.',18,72,'2022-05-05 05:34:55','2022-05-05 05:34:55'),(128,'Excepturi architecto molestiae.',26,71,'2022-05-05 05:34:55','2022-05-05 05:34:55'),(129,'Quas quia aut asperiores reiciendis iusto.',19,50,'2022-05-05 05:34:55','2022-05-05 05:34:55'),(130,'Fugit dolores blanditiis accusantium eum officiis provident rem.',17,21,'2022-05-05 05:34:55','2022-05-05 05:34:55'),(131,'Non in et modi ut pariatur id autem saepe.',9,27,'2022-05-05 05:34:55','2022-05-05 05:34:55'),(132,'Laudantium nulla aut autem.',26,51,'2022-05-05 05:34:55','2022-05-05 05:34:55'),(133,'Omnis tempora consectetur sit voluptate quis ratione sint nobis.',20,3,'2022-05-05 05:34:55','2022-05-05 05:34:55'),(134,'Libero aperiam sint qui velit dolorem.',6,50,'2022-05-05 05:34:55','2022-05-05 05:34:55'),(135,'Non distinctio ducimus.',25,22,'2022-05-05 05:34:55','2022-05-05 05:34:55'),(136,'Placeat vitae ullam quam.',14,43,'2022-05-05 05:34:55','2022-05-05 05:34:55'),(137,'Rerum nihil numquam voluptatem odio et ab nisi.',19,94,'2022-05-05 05:34:55','2022-05-05 05:34:55'),(138,'Dicta aspernatur molestiae cum recusandae possimus maxime vel.',7,14,'2022-05-05 05:34:55','2022-05-05 05:34:55'),(139,'Ipsa quia nam veritatis et a autem facere.',1,20,'2022-05-05 05:34:55','2022-05-05 05:34:55'),(140,'Fugit et mollitia esse cupiditate sit incidunt non iste.',25,29,'2022-05-05 05:34:55','2022-05-05 05:34:55'),(141,'Facilis perspiciatis reprehenderit quasi.',18,7,'2022-05-05 05:34:55','2022-05-05 05:34:55'),(142,'Voluptatem aliquid eos quas beatae nisi ea est eum.',2,14,'2022-05-05 05:34:55','2022-05-05 05:34:55'),(143,'Qui consequatur unde.',30,9,'2022-05-05 05:34:55','2022-05-05 05:34:55'),(144,'Est et blanditiis non quaerat error voluptatem aut id.',4,58,'2022-05-05 05:34:55','2022-05-05 05:34:55'),(145,'Qui aut minima velit aliquid.',12,14,'2022-05-05 05:34:55','2022-05-05 05:34:55'),(146,'Unde molestiae alias veniam sunt totam occaecati.',22,53,'2022-05-05 05:34:55','2022-05-05 05:34:55'),(147,'Aut autem est quaerat.',23,18,'2022-05-05 05:34:55','2022-05-05 05:34:55'),(148,'Libero ea occaecati in totam.',16,55,'2022-05-05 05:34:55','2022-05-05 05:34:55'),(149,'Modi ea quisquam qui vel aut dolores facere veniam.',22,79,'2022-05-05 05:34:55','2022-05-05 05:34:55'),(150,'Iure est error beatae sed vero architecto assumenda.',30,49,'2022-05-05 05:34:55','2022-05-05 05:34:55'),(151,'Omnis doloribus ea at accusantium est voluptatem.',30,92,'2022-05-05 05:34:55','2022-05-05 05:34:55'),(152,'Eum dolor saepe ad at cum non.',24,94,'2022-05-05 05:34:55','2022-05-05 05:34:55'),(153,'Ducimus amet omnis illo.',29,99,'2022-05-05 05:34:55','2022-05-05 05:34:55'),(154,'Sunt quis doloribus totam magnam ipsa recusandae.',24,17,'2022-05-05 05:34:55','2022-05-05 05:34:55'),(155,'Quis illum est.',4,35,'2022-05-05 05:34:55','2022-05-05 05:34:55'),(156,'Quo voluptas praesentium similique enim laudantium repudiandae voluptatem molestias.',1,44,'2022-05-05 05:34:55','2022-05-05 05:34:55'),(157,'Molestias impedit quas ad velit voluptas.',12,57,'2022-05-05 05:34:55','2022-05-05 05:34:55'),(158,'Molestias corrupti ut placeat doloremque quia in omnis.',3,46,'2022-05-05 05:34:55','2022-05-05 05:34:55'),(159,'Molestiae impedit repellendus ut et iure.',6,24,'2022-05-05 05:34:55','2022-05-05 05:34:55'),(160,'Ut qui eligendi.',27,50,'2022-05-05 05:34:55','2022-05-05 05:34:55'),(161,'Sunt reprehenderit sequi aspernatur alias a aut iste a quasi.',27,8,'2022-05-05 05:34:55','2022-05-05 05:34:55'),(162,'Magnam aut iste distinctio est mollitia molestiae voluptate sapiente.',6,72,'2022-05-05 05:34:55','2022-05-05 05:34:55'),(163,'Deserunt quis ea eos impedit soluta ea et.',6,76,'2022-05-05 05:34:55','2022-05-05 05:34:55'),(164,'Omnis impedit est.',27,42,'2022-05-05 05:34:55','2022-05-05 05:34:55'),(165,'Totam et vel porro molestias architecto possimus officiis autem.',6,47,'2022-05-05 05:34:55','2022-05-05 05:34:55'),(166,'Et expedita id in velit illo ut eos enim voluptatibus.',9,3,'2022-05-05 05:34:55','2022-05-05 05:34:55'),(167,'Vitae sunt non.',26,70,'2022-05-05 05:34:55','2022-05-05 05:34:55'),(168,'Quia animi omnis ullam eos eveniet asperiores ut quis suscipit.',1,16,'2022-05-05 05:34:55','2022-05-05 05:34:55'),(169,'Non voluptatem dolorem sed velit culpa.',29,44,'2022-05-05 05:34:55','2022-05-05 05:34:55'),(170,'Unde impedit atque cum doloremque nam quisquam incidunt dolor perspiciatis.',29,13,'2022-05-05 05:34:55','2022-05-05 05:34:55'),(171,'Nostrum qui ut fugiat.',25,23,'2022-05-05 05:34:55','2022-05-05 05:34:55'),(172,'Perspiciatis accusamus voluptas illum.',9,31,'2022-05-05 05:34:55','2022-05-05 05:34:55'),(173,'Molestiae molestiae maxime veniam ut esse.',26,86,'2022-05-05 05:34:55','2022-05-05 05:34:55'),(174,'Nam voluptatem voluptatem libero sed molestias accusantium molestiae placeat eum.',12,93,'2022-05-05 05:34:55','2022-05-05 05:34:55'),(175,'Quaerat sequi quibusdam ea voluptate non reprehenderit aspernatur.',17,41,'2022-05-05 05:34:55','2022-05-05 05:34:55'),(176,'Consequatur laudantium mollitia natus.',18,60,'2022-05-05 05:34:55','2022-05-05 05:34:55'),(177,'Aspernatur voluptatem in modi et omnis rerum.',1,73,'2022-05-05 05:34:55','2022-05-05 05:34:55'),(178,'Quas in mollitia.',8,89,'2022-05-05 05:34:55','2022-05-05 05:34:55'),(179,'Labore quibusdam consequuntur voluptatem numquam cum est molestiae ullam nihil.',13,62,'2022-05-05 05:34:55','2022-05-05 05:34:55'),(180,'Consequatur explicabo earum et molestias accusamus nemo modi delectus.',5,72,'2022-05-05 05:34:55','2022-05-05 05:34:55'),(181,'Molestiae et reprehenderit.',7,95,'2022-05-05 05:34:55','2022-05-05 05:34:55'),(182,'Doloremque explicabo sint temporibus placeat consectetur beatae atque modi.',12,18,'2022-05-05 05:34:55','2022-05-05 05:34:55'),(183,'Doloremque odit sunt qui et dolor.',30,1,'2022-05-05 05:34:55','2022-05-05 05:34:55'),(184,'Fugiat qui animi dignissimos enim.',1,37,'2022-05-05 05:34:55','2022-05-05 05:34:55'),(185,'Molestiae autem placeat facilis deleniti harum consequatur ex et.',8,67,'2022-05-05 05:34:55','2022-05-05 05:34:55'),(186,'Animi id labore eum ipsa ut a.',28,12,'2022-05-05 05:34:55','2022-05-05 05:34:55'),(187,'Non doloribus molestiae fuga.',14,72,'2022-05-05 05:34:55','2022-05-05 05:34:55'),(188,'Dignissimos ut doloremque labore asperiores error est itaque non deserunt.',1,86,'2022-05-05 05:34:55','2022-05-05 05:34:55'),(189,'Debitis omnis aut.',1,96,'2022-05-05 05:34:55','2022-05-05 05:34:55'),(190,'Pariatur cum est a pariatur quia autem possimus.',26,33,'2022-05-05 05:34:55','2022-05-05 05:34:55'),(191,'Fugit et cumque occaecati sequi libero dolores deserunt id rerum.',15,48,'2022-05-05 05:34:55','2022-05-05 05:34:55'),(192,'Quas nostrum accusamus et vitae sint totam laborum et.',20,75,'2022-05-05 05:34:55','2022-05-05 05:34:55'),(193,'Voluptatibus voluptatem ullam minima dolore hic.',8,11,'2022-05-05 05:34:55','2022-05-05 05:34:55'),(194,'Magnam consequatur voluptas qui ducimus tempore omnis saepe.',22,47,'2022-05-05 05:34:55','2022-05-05 05:34:55'),(195,'Est molestiae excepturi molestiae voluptas ut sit in consequuntur.',11,7,'2022-05-05 05:34:55','2022-05-05 05:34:55'),(196,'Porro rerum consequatur debitis aspernatur ipsa sunt quae voluptatem perferendis.',28,71,'2022-05-05 05:34:55','2022-05-05 05:34:55'),(197,'Reiciendis in quibusdam beatae sint et.',20,99,'2022-05-05 05:34:55','2022-05-05 05:34:55'),(198,'Quia vero quas asperiores ipsam expedita aliquid quasi blanditiis iure.',29,68,'2022-05-05 05:34:55','2022-05-05 05:34:55'),(199,'Voluptatem provident id.',10,26,'2022-05-05 05:34:55','2022-05-05 05:34:55'),(200,'Assumenda nam voluptatum in.',27,68,'2022-05-05 05:34:55','2022-05-05 05:34:55');
/*!40000 ALTER TABLE `comment` ENABLE KEYS */;
UNLOCK TABLES;

--
-- Table structure for table `difficulty`
--

DROP TABLE IF EXISTS `difficulty`;
/*!40101 SET @saved_cs_client     = @@character_set_client */;
/*!50503 SET character_set_client = utf8mb4 */;
CREATE TABLE `difficulty` (
  `id` int NOT NULL AUTO_INCREMENT,
  `name` varchar(255) NOT NULL,
  `created_at` datetime NOT NULL,
  `updated_at` datetime NOT NULL,
  PRIMARY KEY (`id`)
) ENGINE=InnoDB AUTO_INCREMENT=4 DEFAULT CHARSET=utf8mb4 COLLATE=utf8mb4_0900_ai_ci;
/*!40101 SET character_set_client = @saved_cs_client */;

--
-- Dumping data for table `difficulty`
--

LOCK TABLES `difficulty` WRITE;
/*!40000 ALTER TABLE `difficulty` DISABLE KEYS */;
INSERT INTO `difficulty` VALUES (1,'Easy','2022-05-05 05:34:53','2022-05-05 05:34:53'),(2,'Medium','2022-05-05 05:34:53','2022-05-05 05:34:53'),(3,'Hard','2022-05-05 05:34:53','2022-05-05 05:34:53');
/*!40000 ALTER TABLE `difficulty` ENABLE KEYS */;
UNLOCK TABLES;

--
-- Table structure for table `encounter`
--

DROP TABLE IF EXISTS `encounter`;
/*!40101 SET @saved_cs_client     = @@character_set_client */;
/*!50503 SET character_set_client = utf8mb4 */;
CREATE TABLE `encounter` (
  `id` int NOT NULL AUTO_INCREMENT,
  `user_id` int NOT NULL,
  `post_id` int NOT NULL,
  `created_at` datetime NOT NULL,
  `updated_at` datetime NOT NULL,
  PRIMARY KEY (`id`),
  UNIQUE KEY `encounter_post_id_user_id_unique` (`user_id`,`post_id`),
  KEY `post_id` (`post_id`),
  CONSTRAINT `encounter_ibfk_1` FOREIGN KEY (`user_id`) REFERENCES `user` (`id`) ON DELETE CASCADE ON UPDATE CASCADE,
  CONSTRAINT `encounter_ibfk_2` FOREIGN KEY (`post_id`) REFERENCES `post` (`id`) ON DELETE CASCADE ON UPDATE CASCADE
) ENGINE=InnoDB AUTO_INCREMENT=196 DEFAULT CHARSET=utf8mb4 COLLATE=utf8mb4_0900_ai_ci;
/*!40101 SET character_set_client = @saved_cs_client */;

--
-- Dumping data for table `encounter`
--

LOCK TABLES `encounter` WRITE;
/*!40000 ALTER TABLE `encounter` DISABLE KEYS */;
INSERT INTO `encounter` VALUES (1,26,79,'2022-05-05 05:34:54','2022-05-05 05:34:54'),(2,15,85,'2022-05-05 05:34:54','2022-05-05 05:34:54'),(3,18,77,'2022-05-05 05:34:54','2022-05-05 05:34:54'),(4,27,67,'2022-05-05 05:34:54','2022-05-05 05:34:54'),(5,16,44,'2022-05-05 05:34:54','2022-05-05 05:34:54'),(6,30,67,'2022-05-05 05:34:54','2022-05-05 05:34:54'),(7,14,37,'2022-05-05 05:34:54','2022-05-05 05:34:54'),(8,21,23,'2022-05-05 05:34:54','2022-05-05 05:34:54'),(9,22,35,'2022-05-05 05:34:54','2022-05-05 05:34:54'),(10,29,68,'2022-05-05 05:34:54','2022-05-05 05:34:54'),(11,2,44,'2022-05-05 05:34:54','2022-05-05 05:34:54'),(12,9,5,'2022-05-05 05:34:54','2022-05-05 05:34:54'),(13,1,49,'2022-05-05 05:34:54','2022-05-05 05:34:54'),(14,19,1,'2022-05-05 05:34:54','2022-05-05 05:34:54'),(15,28,80,'2022-05-05 05:34:54','2022-05-05 05:34:54'),(16,7,66,'2022-05-05 05:34:54','2022-05-05 05:34:54'),(17,10,58,'2022-05-05 05:34:54','2022-05-05 05:34:54'),(18,7,89,'2022-05-05 05:34:54','2022-05-05 05:34:54'),(19,8,55,'2022-05-05 05:34:54','2022-05-05 05:34:54'),(20,19,21,'2022-05-05 05:34:54','2022-05-05 05:34:54'),(21,5,64,'2022-05-05 05:34:54','2022-05-05 05:34:54'),(22,8,89,'2022-05-05 05:34:54','2022-05-05 05:34:54'),(23,10,29,'2022-05-05 05:34:54','2022-05-05 05:34:54'),(24,13,8,'2022-05-05 05:34:54','2022-05-05 05:34:54'),(25,24,6,'2022-05-05 05:34:54','2022-05-05 05:34:54'),(26,13,14,'2022-05-05 05:34:54','2022-05-05 05:34:54'),(27,2,80,'2022-05-05 05:34:54','2022-05-05 05:34:54'),(28,21,63,'2022-05-05 05:34:54','2022-05-05 05:34:54'),(29,23,49,'2022-05-05 05:34:54','2022-05-05 05:34:54'),(30,24,2,'2022-05-05 05:34:54','2022-05-05 05:34:54'),(31,30,93,'2022-05-05 05:34:54','2022-05-05 05:34:54'),(32,25,69,'2022-05-05 05:34:54','2022-05-05 05:34:54'),(33,18,86,'2022-05-05 05:34:54','2022-05-05 05:34:54'),(34,5,11,'2022-05-05 05:34:54','2022-05-05 05:34:54'),(35,4,78,'2022-05-05 05:34:54','2022-05-05 05:34:54'),(36,24,54,'2022-05-05 05:34:54','2022-05-05 05:34:54'),(37,5,50,'2022-05-05 05:34:54','2022-05-05 05:34:54'),(38,20,51,'2022-05-05 05:34:54','2022-05-05 05:34:54'),(39,22,58,'2022-05-05 05:34:54','2022-05-05 05:34:54'),(40,13,24,'2022-05-05 05:34:54','2022-05-05 05:34:54'),(41,26,9,'2022-05-05 05:34:54','2022-05-05 05:34:54'),(42,6,33,'2022-05-05 05:34:54','2022-05-05 05:34:54'),(43,19,63,'2022-05-05 05:34:54','2022-05-05 05:34:54'),(44,27,86,'2022-05-05 05:34:54','2022-05-05 05:34:54'),(45,10,73,'2022-05-05 05:34:54','2022-05-05 05:34:54'),(46,11,67,'2022-05-05 05:34:54','2022-05-05 05:34:54'),(47,27,49,'2022-05-05 05:34:54','2022-05-05 05:34:54'),(48,29,86,'2022-05-05 05:34:54','2022-05-05 05:34:54'),(49,21,51,'2022-05-05 05:34:54','2022-05-05 05:34:54'),(50,25,95,'2022-05-05 05:34:54','2022-05-05 05:34:54'),(51,20,70,'2022-05-05 05:34:54','2022-05-05 05:34:54'),(52,19,76,'2022-05-05 05:34:54','2022-05-05 05:34:54'),(53,9,90,'2022-05-05 05:34:54','2022-05-05 05:34:54'),(54,21,87,'2022-05-05 05:34:54','2022-05-05 05:34:54'),(55,6,62,'2022-05-05 05:34:54','2022-05-05 05:34:54'),(56,10,54,'2022-05-05 05:34:54','2022-05-05 05:34:54'),(57,11,6,'2022-05-05 05:34:54','2022-05-05 05:34:54'),(58,17,31,'2022-05-05 05:34:54','2022-05-05 05:34:54'),(59,23,22,'2022-05-05 05:34:54','2022-05-05 05:34:54'),(60,5,78,'2022-05-05 05:34:54','2022-05-05 05:34:54'),(61,7,26,'2022-05-05 05:34:54','2022-05-05 05:34:54'),(62,18,51,'2022-05-05 05:34:54','2022-05-05 05:34:54'),(63,12,63,'2022-05-05 05:34:54','2022-05-05 05:34:54'),(64,7,98,'2022-05-05 05:34:54','2022-05-05 05:34:54'),(65,14,55,'2022-05-05 05:34:54','2022-05-05 05:34:54'),(66,25,90,'2022-05-05 05:34:54','2022-05-05 05:34:54'),(67,18,78,'2022-05-05 05:34:54','2022-05-05 05:34:54'),(68,23,90,'2022-05-05 05:34:54','2022-05-05 05:34:54'),(69,1,100,'2022-05-05 05:34:54','2022-05-05 05:34:54'),(70,25,17,'2022-05-05 05:34:54','2022-05-05 05:34:54'),(71,5,34,'2022-05-05 05:34:54','2022-05-05 05:34:54'),(72,11,87,'2022-05-05 05:34:54','2022-05-05 05:34:54'),(73,19,86,'2022-05-05 05:34:54','2022-05-05 05:34:54'),(74,22,48,'2022-05-05 05:34:54','2022-05-05 05:34:54'),(75,29,14,'2022-05-05 05:34:54','2022-05-05 05:34:54'),(76,25,8,'2022-05-05 05:34:54','2022-05-05 05:34:54'),(77,18,81,'2022-05-05 05:34:54','2022-05-05 05:34:54'),(78,12,64,'2022-05-05 05:34:54','2022-05-05 05:34:54'),(79,11,8,'2022-05-05 05:34:54','2022-05-05 05:34:54'),(80,8,41,'2022-05-05 05:34:54','2022-05-05 05:34:54'),(81,10,41,'2022-05-05 05:34:54','2022-05-05 05:34:54'),(82,10,24,'2022-05-05 05:34:54','2022-05-05 05:34:54'),(83,26,15,'2022-05-05 05:34:54','2022-05-05 05:34:54'),(84,10,25,'2022-05-05 05:34:54','2022-05-05 05:34:54'),(85,22,19,'2022-05-05 05:34:54','2022-05-05 05:34:54'),(86,21,45,'2022-05-05 05:34:54','2022-05-05 05:34:54'),(87,13,92,'2022-05-05 05:34:54','2022-05-05 05:34:54'),(88,28,100,'2022-05-05 05:34:54','2022-05-05 05:34:54'),(89,26,3,'2022-05-05 05:34:54','2022-05-05 05:34:54'),(90,1,38,'2022-05-05 05:34:54','2022-05-05 05:34:54'),(91,16,55,'2022-05-05 05:34:54','2022-05-05 05:34:54'),(92,28,21,'2022-05-05 05:34:54','2022-05-05 05:34:54'),(93,4,4,'2022-05-05 05:34:54','2022-05-05 05:34:54'),(94,15,2,'2022-05-05 05:34:54','2022-05-05 05:34:54'),(95,21,84,'2022-05-05 05:34:54','2022-05-05 05:34:54'),(96,27,28,'2022-05-05 05:34:54','2022-05-05 05:34:54'),(97,7,25,'2022-05-05 05:34:54','2022-05-05 05:34:54'),(98,20,95,'2022-05-05 05:34:54','2022-05-05 05:34:54'),(99,30,43,'2022-05-05 05:34:54','2022-05-05 05:34:54'),(100,14,60,'2022-05-05 05:34:54','2022-05-05 05:34:54'),(101,27,36,'2022-05-05 05:34:54','2022-05-05 05:34:54'),(102,27,33,'2022-05-05 05:34:54','2022-05-05 05:34:54'),(103,28,60,'2022-05-05 05:34:54','2022-05-05 05:34:54'),(104,24,87,'2022-05-05 05:34:54','2022-05-05 05:34:54'),(105,10,97,'2022-05-05 05:34:54','2022-05-05 05:34:54'),(106,10,91,'2022-05-05 05:34:54','2022-05-05 05:34:54'),(107,13,100,'2022-05-05 05:34:54','2022-05-05 05:34:54'),(108,10,44,'2022-05-05 05:34:54','2022-05-05 05:34:54'),(109,10,23,'2022-05-05 05:34:54','2022-05-05 05:34:54'),(110,20,89,'2022-05-05 05:34:54','2022-05-05 05:34:54'),(111,23,36,'2022-05-05 05:34:54','2022-05-05 05:34:54'),(112,30,9,'2022-05-05 05:34:54','2022-05-05 05:34:54'),(113,3,53,'2022-05-05 05:34:54','2022-05-05 05:34:54'),(114,25,35,'2022-05-05 05:34:54','2022-05-05 05:34:54'),(115,27,2,'2022-05-05 05:34:54','2022-05-05 05:34:54'),(116,22,67,'2022-05-05 05:34:54','2022-05-05 05:34:54'),(117,5,13,'2022-05-05 05:34:54','2022-05-05 05:34:54'),(118,23,84,'2022-05-05 05:34:54','2022-05-05 05:34:54'),(119,18,43,'2022-05-05 05:34:54','2022-05-05 05:34:54'),(120,13,53,'2022-05-05 05:34:54','2022-05-05 05:34:54'),(121,5,15,'2022-05-05 05:34:54','2022-05-05 05:34:54'),(122,18,76,'2022-05-05 05:34:54','2022-05-05 05:34:54'),(123,20,82,'2022-05-05 05:34:54','2022-05-05 05:34:54'),(124,3,54,'2022-05-05 05:34:54','2022-05-05 05:34:54'),(125,15,7,'2022-05-05 05:34:54','2022-05-05 05:34:54'),(126,28,1,'2022-05-05 05:34:54','2022-05-05 05:34:54'),(127,28,77,'2022-05-05 05:34:54','2022-05-05 05:34:54'),(128,26,7,'2022-05-05 05:34:54','2022-05-05 05:34:54'),(129,5,62,'2022-05-05 05:34:54','2022-05-05 05:34:54'),(130,28,88,'2022-05-05 05:34:54','2022-05-05 05:34:54'),(131,18,95,'2022-05-05 05:34:54','2022-05-05 05:34:54'),(132,22,64,'2022-05-05 05:34:54','2022-05-05 05:34:54'),(133,11,2,'2022-05-05 05:34:54','2022-05-05 05:34:54'),(134,28,10,'2022-05-05 05:34:54','2022-05-05 05:34:54'),(135,5,55,'2022-05-05 05:34:54','2022-05-05 05:34:54'),(136,3,13,'2022-05-05 05:34:54','2022-05-05 05:34:54'),(137,8,4,'2022-05-05 05:34:54','2022-05-05 05:34:54'),(138,6,53,'2022-05-05 05:34:54','2022-05-05 05:34:54'),(139,21,72,'2022-05-05 05:34:54','2022-05-05 05:34:54'),(140,27,41,'2022-05-05 05:34:54','2022-05-05 05:34:54'),(141,15,10,'2022-05-05 05:34:54','2022-05-05 05:34:54'),(142,2,29,'2022-05-05 05:34:54','2022-05-05 05:34:54'),(143,2,23,'2022-05-05 05:34:54','2022-05-05 05:34:54'),(144,6,21,'2022-05-05 05:34:54','2022-05-05 05:34:54'),(145,29,36,'2022-05-05 05:34:54','2022-05-05 05:34:54'),(146,25,82,'2022-05-05 05:34:54','2022-05-05 05:34:54'),(147,10,42,'2022-05-05 05:34:54','2022-05-05 05:34:54'),(148,30,70,'2022-05-05 05:34:54','2022-05-05 05:34:54'),(149,4,86,'2022-05-05 05:34:54','2022-05-05 05:34:54'),(150,16,90,'2022-05-05 05:34:54','2022-05-05 05:34:54'),(151,12,26,'2022-05-05 05:34:54','2022-05-05 05:34:54'),(152,11,10,'2022-05-05 05:34:54','2022-05-05 05:34:54'),(153,29,51,'2022-05-05 05:34:54','2022-05-05 05:34:54'),(154,22,47,'2022-05-05 05:34:54','2022-05-05 05:34:54'),(155,10,3,'2022-05-05 05:34:54','2022-05-05 05:34:54'),(156,5,85,'2022-05-05 05:34:54','2022-05-05 05:34:54'),(157,20,15,'2022-05-05 05:34:54','2022-05-05 05:34:54'),(158,1,20,'2022-05-05 05:34:54','2022-05-05 05:34:54'),(159,14,8,'2022-05-05 05:34:54','2022-05-05 05:34:54'),(160,15,72,'2022-05-05 05:34:54','2022-05-05 05:34:54'),(161,23,12,'2022-05-05 05:34:54','2022-05-05 05:34:54'),(162,11,84,'2022-05-05 05:34:54','2022-05-05 05:34:54'),(163,14,45,'2022-05-05 05:34:54','2022-05-05 05:34:54'),(164,17,36,'2022-05-05 05:34:54','2022-05-05 05:34:54'),(165,5,48,'2022-05-05 05:34:54','2022-05-05 05:34:54'),(166,6,27,'2022-05-05 05:34:54','2022-05-05 05:34:54'),(167,1,57,'2022-05-05 05:34:54','2022-05-05 05:34:54'),(168,5,45,'2022-05-05 05:34:54','2022-05-05 05:34:54'),(169,23,34,'2022-05-05 05:34:54','2022-05-05 05:34:54'),(170,8,46,'2022-05-05 05:34:54','2022-05-05 05:34:54'),(171,17,70,'2022-05-05 05:34:54','2022-05-05 05:34:54'),(172,25,99,'2022-05-05 05:34:54','2022-05-05 05:34:54'),(173,23,97,'2022-05-05 05:34:54','2022-05-05 05:34:54'),(174,19,100,'2022-05-05 05:34:54','2022-05-05 05:34:54'),(175,4,37,'2022-05-05 05:34:54','2022-05-05 05:34:54'),(176,1,1,'2022-05-05 05:34:54','2022-05-05 05:34:54'),(177,30,30,'2022-05-05 05:34:54','2022-05-05 05:34:54'),(178,7,99,'2022-05-05 05:34:54','2022-05-05 05:34:54'),(179,22,18,'2022-05-05 05:34:54','2022-05-05 05:34:54'),(180,3,9,'2022-05-05 05:34:54','2022-05-05 05:34:54'),(181,15,25,'2022-05-05 05:34:54','2022-05-05 05:34:54'),(182,8,64,'2022-05-05 05:34:54','2022-05-05 05:34:54'),(183,26,98,'2022-05-05 05:34:54','2022-05-05 05:34:54'),(184,29,79,'2022-05-05 05:34:54','2022-05-05 05:34:54'),(185,28,42,'2022-05-05 05:34:54','2022-05-05 05:34:54'),(186,22,73,'2022-05-05 05:34:54','2022-05-05 05:34:54'),(187,20,10,'2022-05-05 05:34:54','2022-05-05 05:34:54'),(188,14,33,'2022-05-05 05:34:54','2022-05-05 05:34:54'),(189,13,60,'2022-05-05 05:34:54','2022-05-05 05:34:54'),(190,13,57,'2022-05-05 05:34:54','2022-05-05 05:34:54'),(191,21,13,'2022-05-05 05:34:54','2022-05-05 05:34:54'),(192,3,55,'2022-05-05 05:34:54','2022-05-05 05:34:54'),(193,24,47,'2022-05-05 05:34:54','2022-05-05 05:34:54'),(194,10,48,'2022-05-05 05:34:54','2022-05-05 05:34:54'),(195,26,92,'2022-05-05 05:34:54','2022-05-05 05:34:54');
/*!40000 ALTER TABLE `encounter` ENABLE KEYS */;
UNLOCK TABLES;

--
-- Table structure for table `language`
--

DROP TABLE IF EXISTS `language`;
/*!40101 SET @saved_cs_client     = @@character_set_client */;
/*!50503 SET character_set_client = utf8mb4 */;
CREATE TABLE `language` (
  `id` int NOT NULL AUTO_INCREMENT,
  `name` varchar(32) DEFAULT NULL,
  `created_at` datetime NOT NULL,
  `updated_at` datetime NOT NULL,
  PRIMARY KEY (`id`)
) ENGINE=InnoDB AUTO_INCREMENT=11 DEFAULT CHARSET=utf8mb4 COLLATE=utf8mb4_0900_ai_ci;
/*!40101 SET character_set_client = @saved_cs_client */;

--
-- Dumping data for table `language`
--

LOCK TABLES `language` WRITE;
/*!40000 ALTER TABLE `language` DISABLE KEYS */;
INSERT INTO `language` VALUES (1,'HTML','2022-05-05 05:34:53','2022-05-05 05:34:53'),(2,'CSS','2022-05-05 05:34:53','2022-05-05 05:34:53'),(3,'Javascript','2022-05-05 05:34:53','2022-05-05 05:34:53'),(4,'Typescript','2022-05-05 05:34:53','2022-05-05 05:34:53'),(5,'C++','2022-05-05 05:34:53','2022-05-05 05:34:53'),(6,'C#','2022-05-05 05:34:53','2022-05-05 05:34:53'),(7,'Java','2022-05-05 05:34:53','2022-05-05 05:34:53'),(8,'Golang','2022-05-05 05:34:53','2022-05-05 05:34:53'),(9,'Python','2022-05-05 05:34:53','2022-05-05 05:34:53'),(10,'Other','2022-05-05 05:34:53','2022-05-05 05:34:53');
/*!40000 ALTER TABLE `language` ENABLE KEYS */;
UNLOCK TABLES;

--
-- Table structure for table `post`
--

DROP TABLE IF EXISTS `post`;
/*!40101 SET @saved_cs_client     = @@character_set_client */;
/*!50503 SET character_set_client = utf8mb4 */;
CREATE TABLE `post` (
  `id` int NOT NULL AUTO_INCREMENT,
  `title` varchar(255) NOT NULL,
  `answer` text NOT NULL,
  `type_id` int DEFAULT NULL,
  `language_id` int DEFAULT NULL,
  `difficulty_id` int DEFAULT NULL,
  `creator_id` int DEFAULT NULL,
  `created_at` datetime NOT NULL,
  `updated_at` datetime NOT NULL,
  PRIMARY KEY (`id`),
  KEY `type_id` (`type_id`),
  KEY `language_id` (`language_id`),
  KEY `difficulty_id` (`difficulty_id`),
  KEY `creator_id` (`creator_id`),
  CONSTRAINT `post_ibfk_1` FOREIGN KEY (`type_id`) REFERENCES `type` (`id`) ON DELETE SET NULL ON UPDATE CASCADE,
  CONSTRAINT `post_ibfk_2` FOREIGN KEY (`language_id`) REFERENCES `language` (`id`) ON DELETE SET NULL ON UPDATE CASCADE,
  CONSTRAINT `post_ibfk_3` FOREIGN KEY (`difficulty_id`) REFERENCES `difficulty` (`id`) ON DELETE SET NULL ON UPDATE CASCADE,
  CONSTRAINT `post_ibfk_4` FOREIGN KEY (`creator_id`) REFERENCES `user` (`id`) ON DELETE SET NULL ON UPDATE CASCADE
) ENGINE=InnoDB AUTO_INCREMENT=101 DEFAULT CHARSET=utf8mb4 COLLATE=utf8mb4_0900_ai_ci;
/*!40101 SET character_set_client = @saved_cs_client */;

--
-- Dumping data for table `post`
--

LOCK TABLES `post` WRITE;
/*!40000 ALTER TABLE `post` DISABLE KEYS */;
INSERT INTO `post` VALUES (1,'Expedita quia ad quia natus adipisci tempora voluptatem quidem.','Nobis accusamus facere accusamus explicabo voluptate sint quibusdam et necessitatibus. Perferendis sunt cum porro tempora fuga veritatis ea natus consequatur. Dolores rerum ducimus voluptates necessitatibus reiciendis quaerat dolor aut ipsum. Aliquam quo occaecati id aut a est pariatur possimus est. Libero praesentium non nobis ratione excepturi voluptatibus. Illo dignissimos sint quia et.',3,4,3,16,'2022-05-05 05:34:54','2022-05-05 05:34:54'),(2,'Hic minus molestiae sint optio rerum.','Voluptas molestias voluptas recusandae est. Recusandae esse minima accusamus natus vel. Hic rerum eius est quae.',3,8,2,19,'2022-05-05 05:34:54','2022-05-05 05:34:54'),(3,'Rerum beatae enim natus.','Neque qui eveniet velit aliquam et esse eveniet est. Ut mollitia adipisci sed consectetur dolores. Numquam alias nesciunt hic omnis natus veniam. Rerum aut mollitia assumenda.',3,1,3,19,'2022-05-05 05:34:54','2022-05-05 05:34:54'),(4,'Porro rerum accusamus sint itaque.','Nam atque ut. Et molestiae ab officiis iure molestiae. Nam accusamus a et blanditiis commodi libero. Sed atque autem facilis neque adipisci quod minus. A rerum dolor labore qui veritatis vitae.',2,6,1,23,'2022-05-05 05:34:54','2022-05-05 05:34:54'),(5,'Dolores neque omnis repudiandae quidem quo aliquid sed dolorem.','Sed perspiciatis qui est distinctio omnis. Nam amet quia. Esse ut accusamus qui aliquam nobis ullam sint similique. Sit sed in nostrum dolore. Esse explicabo ut dolores consequatur ut.',2,2,1,10,'2022-05-05 05:34:54','2022-05-05 05:34:54'),(6,'Stephen is NOT showing up next week!','Let\'s have a party!',3,3,1,1,'2022-05-05 05:34:54','2022-05-05 05:34:54'),(7,'Est dolor doloremque.','Et quo iure accusantium a et distinctio recusandae veniam. Molestiae iste corrupti rerum occaecati magnam neque eum voluptatibus. Iusto sint totam incidunt fugiat at distinctio. Est aut dolorum repellat incidunt sapiente fuga quis ad mollitia. Odio eos fugit est vel accusamus. Qui suscipit unde alias aut.',4,5,2,3,'2022-05-05 05:34:54','2022-05-05 05:34:54'),(8,'Magnam et natus qui est est numquam atque officiis.','Doloremque nisi et. Libero quia culpa recusandae. Repellat omnis quos error dolores nihil itaque soluta ea ab.',2,5,2,15,'2022-05-05 05:34:54','2022-05-05 05:34:54'),(9,'Eum quia provident incidunt rerum recusandae officiis dignissimos tempore.','Illum aliquid sed. Et ut quaerat magni et fugiat voluptatibus asperiores est. Sint pariatur illo.',4,7,2,6,'2022-05-05 05:34:54','2022-05-05 05:34:54'),(10,'Beatae optio et autem.','Consequuntur est distinctio. Fugiat vero atque nobis tenetur est. At sint quisquam debitis in assumenda quod voluptatibus molestias. Quam dolor eum quasi nobis et et architecto amet.',2,8,2,13,'2022-05-05 05:34:54','2022-05-05 05:34:54'),(11,'Beatae alias in mollitia sed explicabo consequuntur neque deleniti ut.','Quis veniam aliquid saepe et expedita ducimus. Quidem delectus iusto ut dolorem maiores exercitationem. Debitis ipsa aliquam reiciendis aliquam voluptas. Ea nobis ea magni rerum cum est.',1,1,3,29,'2022-05-05 05:34:54','2022-05-05 05:34:54'),(12,'Voluptas quasi fuga.','Dolor asperiores voluptatum laboriosam laudantium ut. Fuga aut debitis ad. Non nesciunt nostrum excepturi eum amet sunt ea quia.',2,10,2,18,'2022-05-05 05:34:54','2022-05-05 05:34:54'),(13,'Quod dolores eveniet ut ratione eum.','Laboriosam impedit iusto et quam. Velit nesciunt asperiores sint et. Et facilis enim nihil cum id.',2,7,2,6,'2022-05-05 05:34:54','2022-05-05 05:34:54'),(14,'A qui labore ratione velit dolor a velit omnis.','Illo porro hic modi dolores. Alias quod aut reiciendis deleniti provident non quia laborum. Magnam sunt sequi. Saepe excepturi quod nisi fuga cupiditate. Doloribus esse aut inventore et placeat. Exercitationem quia tempora ut sit commodi.',4,6,2,8,'2022-05-05 05:34:54','2022-05-05 05:34:54'),(15,'Est veniam sapiente iste illo omnis saepe quis commodi.','Sint eum vitae autem. Sed modi ut quia ratione possimus consequatur eius. Esse nihil vel temporibus ad possimus rerum officia soluta dolorum. Est facere qui deleniti deleniti ipsam pariatur vel.',4,4,1,21,'2022-05-05 05:34:54','2022-05-05 05:34:54'),(16,'Ab fuga animi tempora.','Sunt dolorem nam. Culpa eligendi aspernatur temporibus. Recusandae consequatur omnis commodi quos deserunt fugiat consequuntur.',4,10,1,17,'2022-05-05 05:34:54','2022-05-05 05:34:54'),(17,'Sed doloremque quos rem.','Maxime dicta quidem. Quia sint vel reprehenderit cum ducimus veniam nobis. Optio commodi laboriosam nemo.',2,3,2,14,'2022-05-05 05:34:54','2022-05-05 05:34:54'),(18,'Id iste velit libero optio quam necessitatibus sunt eos.','Et consectetur veniam. Quis cupiditate dolorem adipisci et cumque nemo. Ut ea voluptas voluptatem minima non. Autem ut quasi. Occaecati officia natus aut. Neque corrupti dolore officia.',1,3,3,6,'2022-05-05 05:34:54','2022-05-05 05:34:54'),(19,'At velit quae quod consequatur.','Quos ea qui. Aut ad quo sint enim. Ea qui sed veniam. Dolores est et architecto sunt et maxime deserunt soluta cum. Debitis optio dolor sunt voluptatibus non ut possimus.',4,8,2,3,'2022-05-05 05:34:54','2022-05-05 05:34:54'),(20,'Culpa sit fugit fugiat quo.','Reiciendis dolores perspiciatis in corporis atque. Harum sunt est ullam odit eaque sit. Praesentium odio maxime qui.',4,8,1,1,'2022-05-05 05:34:54','2022-05-05 05:34:54'),(21,'Dolorum repellat officiis explicabo libero rem.','Sunt aut non reiciendis blanditiis suscipit exercitationem. Animi sit distinctio nulla necessitatibus. Adipisci et aut. Voluptatem voluptatem ut aperiam. Facilis vel eaque animi quasi quo rerum ratione animi.',1,4,1,30,'2022-05-05 05:34:54','2022-05-05 05:34:54'),(22,'Harum laudantium provident sunt quia pariatur eum ad laboriosam.','Ut quidem voluptatem aliquam. Et doloribus minima ipsam repellat asperiores distinctio voluptates facere. Enim corrupti ut illum corrupti eos sequi recusandae. Ullam ipsum fugiat quam molestiae. Aut quam est aut error sit fugit praesentium in. Non laudantium sed placeat qui eos.',1,9,3,10,'2022-05-05 05:34:54','2022-05-05 05:34:54'),(23,'Adipisci optio itaque qui neque quo incidunt quasi.','Delectus saepe consequatur qui ut autem doloribus explicabo. Atque odio nostrum hic necessitatibus praesentium est quas iste. Dolor excepturi autem aut quia possimus vero corporis. Consequatur et autem sit quis eaque voluptatem.',4,10,3,19,'2022-05-05 05:34:54','2022-05-05 05:34:54'),(24,'Voluptatem adipisci vitae sunt sed sit.','Consequatur voluptates iure dignissimos aut. Voluptates et excepturi commodi autem laboriosam. Quia assumenda at.',3,8,1,1,'2022-05-05 05:34:54','2022-05-05 05:34:54'),(25,'Laboriosam architecto aut quae.','Excepturi ab ut expedita quidem. Voluptatem labore rerum impedit facilis aperiam incidunt temporibus officiis. Optio necessitatibus doloribus ducimus temporibus porro placeat sunt excepturi qui.',4,9,2,1,'2022-05-05 05:34:54','2022-05-05 05:34:54'),(26,'Non cum qui non facilis aut.','Tempore quam tempore dolorum rerum numquam. Placeat optio porro pariatur explicabo cumque hic pariatur cumque. Quo officia vel qui qui rerum quae tempora. Blanditiis inventore libero qui ut exercitationem enim perspiciatis et reprehenderit.',1,10,1,8,'2022-05-05 05:34:54','2022-05-05 05:34:54'),(27,'Dolores repudiandae unde doloribus atque.','Rerum consectetur quo quia est ut omnis ut doloremque. Id repellendus tempora expedita ea non et culpa. Nulla dolor tempora et perferendis laudantium quo rem ad. Ea dolores voluptate dolore rerum repudiandae molestiae est aut vero.',3,4,2,2,'2022-05-05 05:34:54','2022-05-05 05:34:54'),(28,'Rerum quae facere aut error corrupti.','Omnis ut pariatur debitis asperiores fugiat eum. Magni necessitatibus ab officia minima id. Atque ut recusandae et explicabo temporibus asperiores. Tempora eos esse ipsa. Dolor hic ex. Omnis ad autem ipsam aut omnis velit repellat.',2,10,1,12,'2022-05-05 05:34:54','2022-05-05 05:34:54'),(29,'Autem eos quidem qui animi error tempora doloremque.','Culpa ut laborum dolorem ut debitis et. Quo eos deserunt laudantium officiis at porro ipsum. Ullam quos esse in. Quidem soluta deleniti ut. Corrupti sed quidem accusantium perspiciatis voluptatibus dolorem praesentium sint.',1,10,1,15,'2022-05-05 05:34:54','2022-05-05 05:34:54'),(30,'Nesciunt itaque neque laborum dolores praesentium.','Nam molestiae porro eos nihil ea. Repellendus assumenda quam. Maxime ut consequuntur hic rem est.',2,4,3,11,'2022-05-05 05:34:54','2022-05-05 05:34:54'),(31,'Consectetur culpa amet nihil tempora ipsa.','Quaerat et adipisci ab possimus est rerum quis ea unde. Dolores vitae rerum ipsam quod architecto magnam. Quia et distinctio quaerat et blanditiis. Vel facere facilis distinctio quod quasi quas dolore.',3,4,2,23,'2022-05-05 05:34:54','2022-05-05 05:34:54'),(32,'Tempora aut similique eveniet est aliquid reiciendis.','Aut culpa sed maiores provident. Est voluptatibus odit vel animi asperiores ducimus. Omnis quaerat nobis quia rerum sapiente esse et. Tempora veniam iste. Aut eum et incidunt. Ut aut et sed.',4,5,3,6,'2022-05-05 05:34:54','2022-05-05 05:34:54'),(33,'Molestiae necessitatibus error magnam dicta facilis aut.','Et id amet. Iusto consequatur et corporis ducimus perspiciatis. Rem vero non suscipit facilis delectus corporis et voluptatem.',1,8,3,7,'2022-05-05 05:34:54','2022-05-05 05:34:54'),(34,'Qui voluptatem quia laborum est maiores.','Similique nihil occaecati ut quos quis quas inventore provident. Unde neque enim. Ut voluptas eum eum et. Atque rem cupiditate distinctio aut nulla est dolor. Quo explicabo vel.',4,8,1,30,'2022-05-05 05:34:54','2022-05-05 05:34:54'),(35,'Quam placeat eos labore repellat commodi.','Aliquid porro deserunt. Enim aliquam provident soluta doloribus ex qui aut maiores. Beatae excepturi sit animi qui aliquam consequatur ea. Consequatur porro aut et molestias aspernatur at explicabo.',4,9,1,12,'2022-05-05 05:34:54','2022-05-05 05:34:54'),(36,'Est assumenda rerum est deleniti quisquam aperiam.','Et molestias eligendi sit aperiam est maiores dolorem aut. Illo aut necessitatibus tempore. Ex sit excepturi voluptatibus sequi non. Accusantium consequatur deserunt voluptas. Porro neque non et sequi. Voluptatem ea sed omnis repellat qui fuga nihil.',3,4,3,20,'2022-05-05 05:34:54','2022-05-05 05:34:54'),(37,'Est consequatur et vel illum.','Ut sit exercitationem tempore sed quia. Distinctio soluta et accusamus vero. Et quia est assumenda est animi aut qui quae. Consequatur quibusdam assumenda et enim vitae. Illum ad quis ea.',3,1,1,29,'2022-05-05 05:34:54','2022-05-05 05:34:54'),(38,'Dolore dolorem explicabo quia repellat vitae sapiente nihil sit.','Sapiente perspiciatis non vitae molestiae accusantium dolore architecto rem qui. Ullam culpa qui soluta qui quia. Quos quasi unde ad culpa saepe. Iusto libero cumque accusamus iste eius ipsa voluptatem.',2,6,1,7,'2022-05-05 05:34:54','2022-05-05 05:34:54'),(39,'Mollitia labore dolore.','Labore pariatur molestiae rerum quis tenetur laborum eius libero. Voluptate repudiandae ut et quae sequi. Dignissimos perferendis cumque.',4,3,1,23,'2022-05-05 05:34:54','2022-05-05 05:34:54'),(40,'Provident voluptatum deleniti.','Sed incidunt dolor quibusdam qui. Ut et dolor. Eveniet ipsum aut et vitae blanditiis et voluptas sed ad. Sit odit quis aspernatur error dolorem impedit. Unde soluta quis id.',3,10,2,16,'2022-05-05 05:34:54','2022-05-05 05:34:54'),(41,'Aliquid necessitatibus natus commodi hic illum eius similique et voluptatem.','Explicabo facilis ea delectus aut blanditiis placeat aut eum libero. Harum reiciendis id necessitatibus veniam distinctio quo dolores sunt quae. Porro totam ea ut sit atque nihil animi veniam. Quis qui ab repudiandae quam consequatur iusto ut qui commodi.',4,8,1,7,'2022-05-05 05:34:54','2022-05-05 05:34:54'),(42,'Dolorum nisi quis qui soluta necessitatibus doloremque architecto.','Tenetur quod non. Repudiandae quos et non necessitatibus. Unde architecto cupiditate et veritatis impedit.',4,2,1,11,'2022-05-05 05:34:54','2022-05-05 05:34:54'),(43,'Magni eos voluptatibus et dolores quis inventore.','Deserunt ut voluptates beatae nihil quis. Repudiandae numquam officiis odio molestiae dolorem. Aspernatur autem eum.',3,5,1,10,'2022-05-05 05:34:54','2022-05-05 05:34:54'),(44,'In dolores unde aut provident reprehenderit.','Non minima aliquam et nostrum qui sapiente repellendus necessitatibus et. Perspiciatis odio rerum qui atque nobis consequuntur est autem. Voluptatem nulla voluptatem consequuntur nesciunt ad consectetur hic excepturi. Facere et non delectus non qui. Rerum et exercitationem. Dicta veritatis reprehenderit non est deleniti sed est.',2,5,1,13,'2022-05-05 05:34:54','2022-05-05 05:34:54'),(45,'Temporibus nemo ullam adipisci eius.','Officia quasi quibusdam est consequatur rerum commodi nesciunt et. Debitis voluptatem qui aut qui. Quam culpa vel fugiat assumenda dignissimos molestiae dolor.',2,8,3,20,'2022-05-05 05:34:54','2022-05-05 05:34:54'),(46,'Odit rem quis culpa.','Earum est sit. Odit harum repudiandae aliquam. Recusandae non odio quod similique iste harum. Velit deleniti minus ut veritatis debitis dolorem. Esse aliquid asperiores quibusdam officia et in velit enim esse. Laudantium sit unde ipsa ex illum libero veritatis doloribus.',2,3,3,11,'2022-05-05 05:34:54','2022-05-05 05:34:54'),(47,'Aperiam ea rerum officia doloremque ipsum.','Aut officia assumenda. Atque vero cupiditate distinctio et unde laboriosam perferendis nihil rerum. Voluptatem sit iusto. Deserunt id consequatur voluptatem odio perspiciatis mollitia qui.',2,8,1,14,'2022-05-05 05:34:54','2022-05-05 05:34:54'),(48,'Est officiis maiores et ut consequatur praesentium consequatur nesciunt.','Culpa consequatur eveniet ipsum consequatur iusto culpa iure dolorem. Saepe omnis dolore autem vero ut. Quod quia inventore. Fuga officiis ut unde neque ipsam porro illo.',4,7,2,27,'2022-05-05 05:34:54','2022-05-05 05:34:54'),(49,'Quae aspernatur quisquam molestiae et quia harum accusamus.','Ut expedita tenetur perferendis sit animi. Consequatur voluptates iure. Quae tempora sit mollitia pariatur consequatur. Vitae corporis itaque. Sint quam vel non.',3,5,3,5,'2022-05-05 05:34:54','2022-05-05 05:34:54'),(50,'Eos repellat voluptatum quia non est sed enim numquam beatae.','Ullam et est porro unde maxime ut. Dignissimos quis amet quisquam necessitatibus earum. Asperiores ea praesentium.',1,3,3,11,'2022-05-05 05:34:54','2022-05-05 05:34:54'),(51,'Consequatur accusantium qui molestiae assumenda.','Officiis quia deleniti cum. Perspiciatis vero doloribus laboriosam dolorum rerum. Minima exercitationem excepturi illum temporibus accusantium facilis dolore fuga nam.',1,6,2,5,'2022-05-05 05:34:54','2022-05-05 05:34:54'),(52,'Suscipit voluptas quia aut occaecati commodi.','Necessitatibus voluptatem quibusdam voluptatum aliquid eum quas omnis reprehenderit. Harum nobis porro nemo deleniti consequatur velit eos voluptatem. Vitae ut consectetur iste nam ratione ab cum. Sint ducimus placeat quod veniam. Quam et itaque velit.',2,6,1,6,'2022-05-05 05:34:54','2022-05-05 05:34:54'),(53,'Quia consequatur sed ipsa quidem.','Molestiae beatae laborum repudiandae consequatur adipisci illum accusantium doloremque. Quia est et dolorem aut. Rem impedit esse dicta atque sed consequatur debitis possimus sint. Provident eveniet quo voluptate eum minus sapiente ullam fugiat. Ut ab vel harum doloribus quis. Impedit ratione consequuntur sit neque minus.',2,7,1,30,'2022-05-05 05:34:54','2022-05-05 05:34:54'),(54,'Qui commodi explicabo voluptates velit omnis ea dolore.','Numquam nihil eum. Voluptatem exercitationem in quia dolorem repudiandae a qui facilis. Ipsum aspernatur error tempora quia sunt voluptate. Libero eius cum ipsum necessitatibus. A fugit eum.',2,2,1,20,'2022-05-05 05:34:54','2022-05-05 05:34:54'),(55,'Et soluta eaque expedita.','Velit quis consequatur temporibus sint eos iure iste accusamus voluptatem. Voluptas fuga quasi esse modi quis saepe non. Ea tenetur quasi reiciendis rerum. Repudiandae non illo. Rem itaque facere qui qui molestias.',2,8,2,27,'2022-05-05 05:34:54','2022-05-05 05:34:54'),(56,'Quasi repellendus architecto.','Sed sed et hic eius minus. Ex error corporis inventore voluptatem excepturi. Vel necessitatibus ea veniam iste corporis ut labore. Nobis deleniti quia magnam consectetur veritatis necessitatibus soluta. Voluptas amet aut optio fuga. Molestias molestias iusto rerum necessitatibus eligendi pariatur.',4,1,3,18,'2022-05-05 05:34:54','2022-05-05 05:34:54'),(57,'Commodi culpa doloribus et quis hic blanditiis.','Quasi voluptas explicabo et aperiam minima libero rerum ad. Sit qui iste eaque repellat sit error consequatur nobis. Impedit iure culpa numquam beatae nesciunt repudiandae earum aspernatur. Dignissimos et cupiditate et.',2,6,3,14,'2022-05-05 05:34:54','2022-05-05 05:34:54'),(58,'Voluptatem dicta quas totam aut.','Ut earum veritatis reiciendis eligendi corrupti aut. Dolorum occaecati ipsam ut iure ex quae accusantium vel. Sed vel ut illo repellendus assumenda mollitia iste voluptatem. Velit et in vel ut ducimus beatae omnis id. Omnis omnis quae. Voluptatum consequatur quam exercitationem alias temporibus.',1,9,2,17,'2022-05-05 05:34:54','2022-05-05 05:34:54'),(59,'Et minus voluptatem accusamus voluptatem iste.','Voluptatibus omnis itaque numquam sed voluptas qui fugit. Id blanditiis sit cupiditate aut omnis. Quod fugit ut et et laboriosam consequuntur et.',1,4,3,30,'2022-05-05 05:34:54','2022-05-05 05:34:54'),(60,'Est possimus perspiciatis sit inventore et similique ducimus omnis.','Non hic vero dignissimos ipsa quos. Et numquam et accusantium sed laboriosam quas blanditiis. Totam tempora ducimus sit sapiente molestiae corrupti aut sunt voluptas. Hic dolor qui et.',2,9,3,26,'2022-05-05 05:34:54','2022-05-05 05:34:54'),(61,'Sit ab aliquid et ullam qui iure.','Excepturi sit quaerat veniam voluptatum. Sunt voluptates sint. Neque est autem cumque quibusdam voluptatum. Non provident molestiae nobis.',4,4,1,5,'2022-05-05 05:34:54','2022-05-05 05:34:54'),(62,'At consequatur ut nihil explicabo qui sequi.','Sit dolor aut eius qui id inventore repellat porro. Laborum corrupti aut quasi eos. Hic error voluptatibus natus placeat voluptatum corrupti sunt aut atque.',2,2,2,25,'2022-05-05 05:34:54','2022-05-05 05:34:54'),(63,'Ut amet ullam modi nisi sit.','Mollitia in autem. Alias nobis at. Labore magnam odit et aperiam minima repellat nobis. Molestias aut eligendi est.',4,2,2,3,'2022-05-05 05:34:54','2022-05-05 05:34:54'),(64,'Tempore vel nihil nulla.','Tempora sit rerum vitae fugiat. Quis ut ut consequuntur libero. Qui cupiditate atque et sed ut et.',3,5,2,7,'2022-05-05 05:34:54','2022-05-05 05:34:54'),(65,'Inventore distinctio rerum facilis vel deserunt ut.','In sint ut sit non distinctio maiores perspiciatis laudantium fuga. Animi cum quasi molestias quo iure ipsum. Deleniti harum eligendi maiores dolor. Enim tempora neque dolores sed ut suscipit ad et dicta.',1,2,2,10,'2022-05-05 05:34:54','2022-05-05 05:34:54'),(66,'Nobis magni et qui exercitationem error.','Alias error cum in placeat voluptas dolorem quo voluptas. Labore fugiat voluptas est earum veniam. Blanditiis repudiandae vel est voluptas delectus. Ullam quo sed occaecati omnis commodi esse ipsa amet deleniti. Vitae fuga soluta.',4,5,2,14,'2022-05-05 05:34:54','2022-05-05 05:34:54'),(67,'Amet animi expedita est iste velit illum.','Soluta quam atque et. Est ullam eum. Ratione nisi non excepturi possimus voluptatum esse. Repellendus porro id molestiae cum. Nihil eos cupiditate. Eaque et sit voluptatum dolor consequatur fugiat in et dolor.',4,8,3,1,'2022-05-05 05:34:54','2022-05-05 05:34:54'),(68,'Necessitatibus dolor sit.','Voluptas et quia fugiat voluptatibus fugiat quod facere. Fugiat ducimus tenetur eligendi voluptatem impedit iste dolor labore dolores. Sit repellendus quo aut quidem est sit et labore et. Voluptates sed qui nemo nihil culpa ea repellendus ex.',3,2,2,6,'2022-05-05 05:34:54','2022-05-05 05:34:54'),(69,'Aspernatur et tenetur voluptas dolor iste blanditiis dicta consectetur.','Molestias sit vitae rerum. Dolorem voluptas non eius. Tempora voluptas quasi delectus tenetur maxime aspernatur voluptatem. Pariatur deleniti rerum quia nihil sint necessitatibus placeat.',3,7,1,8,'2022-05-05 05:34:54','2022-05-05 05:34:54'),(70,'Autem tenetur consequatur nemo animi.','Omnis explicabo dolores animi consectetur illo voluptatibus in error natus. Recusandae facere aspernatur et molestiae et. Sit rerum autem maxime doloribus. Est cupiditate dignissimos. Eos exercitationem debitis modi sunt necessitatibus at.',2,1,1,16,'2022-05-05 05:34:54','2022-05-05 05:34:54'),(71,'Reprehenderit qui nam mollitia.','Quam qui quo et in accusamus. Et praesentium beatae. Et molestiae molestias perferendis ut optio quisquam tempore natus.',4,10,2,12,'2022-05-05 05:34:54','2022-05-05 05:34:54'),(72,'Error est et.','Sed accusamus in dolor. Optio dolor eius libero consectetur sunt voluptatem et aperiam repellat. Accusamus ratione aperiam sint qui omnis alias excepturi. Temporibus non quidem nihil vel dolore vitae sit. In rerum ut nihil.',2,2,1,29,'2022-05-05 05:34:54','2022-05-05 05:34:54'),(73,'Exercitationem et quia dolor.','Eos nisi dolore in tempora ipsa magnam nihil non quia. Quaerat velit quaerat perferendis laboriosam asperiores quibusdam. Nostrum ducimus et. Ex et quaerat et quae. Sed necessitatibus quis quam. Blanditiis aut sed vel illum laborum.',3,9,1,10,'2022-05-05 05:34:54','2022-05-05 05:34:54'),(74,'Quaerat qui aut sit molestias.','A itaque consequatur ab aut ut et. Similique blanditiis est perspiciatis. Dolores ut eius dolore qui.',2,6,3,15,'2022-05-05 05:34:54','2022-05-05 05:34:54'),(75,'Consequatur minus quam perspiciatis ut animi non.','Culpa nam est quia non non libero. Consectetur aperiam enim earum cupiditate voluptatem laboriosam magni minima. Ratione ab eaque aperiam amet. Necessitatibus eveniet earum dolor ut vero qui ipsam accusantium recusandae. Reiciendis ullam voluptas ut consequatur qui eius.',2,1,2,20,'2022-05-05 05:34:54','2022-05-05 05:34:54'),(76,'Et ab sit et vitae.','Omnis qui voluptate velit optio sapiente praesentium quia aliquid. Quasi necessitatibus optio ullam magni ab voluptatem praesentium animi. Quia perspiciatis et doloremque minima hic non. Enim fugiat officia. Repellendus tempore voluptatibus nisi quis aspernatur eius. Minus nihil similique eligendi repellendus et porro consequatur.',4,2,2,12,'2022-05-05 05:34:54','2022-05-05 05:34:54'),(77,'Nihil fuga reprehenderit maiores laboriosam esse qui.','Velit laborum dolor nihil est debitis fugiat quod. Quas vel sit totam ullam minus tenetur delectus cupiditate. Placeat quibusdam et suscipit eaque voluptatem perspiciatis blanditiis quia distinctio. Quas et nesciunt dolorem. Sed dolorem at et id ea enim suscipit dicta nesciunt.',4,9,1,11,'2022-05-05 05:34:54','2022-05-05 05:34:54'),(78,'Aut iste esse recusandae et earum dolorem.','Minima aut temporibus dolor nihil. Et commodi officiis ipsum impedit omnis. Et natus omnis. Et ut aut itaque. Est occaecati assumenda amet qui laborum qui et. Quia et dolor eligendi dignissimos magni dolores enim ipsam.',2,1,2,17,'2022-05-05 05:34:54','2022-05-05 05:34:54'),(79,'Nisi quia et occaecati.','Non maiores natus deleniti illo ratione amet neque veritatis magnam. Consequatur voluptatem at. Consectetur aliquid illum consectetur rerum iste. Sint nulla reiciendis voluptates nulla ut dolore ullam temporibus ex. Doloribus est optio consequatur rerum in velit sunt in nostrum.',3,9,1,8,'2022-05-05 05:34:54','2022-05-05 05:34:54'),(80,'Rerum autem omnis minus accusamus ut.','Aperiam numquam occaecati eveniet. Voluptas minus sint at porro mollitia totam. Quia qui excepturi inventore in veritatis tempore debitis.',1,1,1,11,'2022-05-05 05:34:54','2022-05-05 05:34:54'),(81,'Facilis temporibus perspiciatis illum numquam et.','Animi rem quos iste laudantium consequuntur vero et qui. Id voluptate modi esse quis. Ipsum rerum accusamus est quibusdam voluptatem. Ea nobis perspiciatis et adipisci a excepturi sed atque fugit. Voluptatem perferendis maxime autem quod tempore.',3,10,2,25,'2022-05-05 05:34:54','2022-05-05 05:34:54'),(82,'Architecto id sunt excepturi nostrum nostrum quidem in doloremque id.','Rerum quisquam pariatur. Voluptates aut necessitatibus fugiat. Ratione culpa numquam voluptatem voluptatem esse. Vero ut occaecati aspernatur aut corrupti odit odio.',3,4,3,27,'2022-05-05 05:34:54','2022-05-05 05:34:54'),(83,'Totam doloremque quibusdam eos et consequuntur voluptatem doloremque.','Quia quasi officia sed nihil voluptas nisi eos. Qui laudantium consequatur. Magni sint voluptatem laudantium quasi velit deleniti.',3,4,3,7,'2022-05-05 05:34:54','2022-05-05 05:34:54'),(84,'Odio ipsum numquam officiis blanditiis reprehenderit magnam.','Maxime necessitatibus eos. Voluptas praesentium in non omnis vitae. Officiis doloremque ut ut aut reiciendis enim. Aut dicta quia consequatur eaque voluptate non natus. Eaque neque aut quibusdam repudiandae ipsum corrupti explicabo perspiciatis soluta. Voluptates autem rem magni ab reprehenderit harum aut ut adipisci.',4,8,1,19,'2022-05-05 05:34:54','2022-05-05 05:34:54'),(85,'Harum rerum dolores.','Quasi dolorum commodi. Accusantium quia et autem et ipsam officiis alias qui. Consequatur perspiciatis in perspiciatis dolorum possimus.',2,4,2,6,'2022-05-05 05:34:54','2022-05-05 05:34:54'),(86,'Unde odit soluta.','Quae esse modi dignissimos id dolores voluptatem distinctio. Aut rerum est voluptas quidem quam. Officia nobis beatae sit libero culpa aliquam. Velit quis sed dolorum vitae in. Adipisci dolore voluptates fugit itaque adipisci reprehenderit molestiae.',2,9,3,1,'2022-05-05 05:34:54','2022-05-05 05:34:54'),(87,'Sint distinctio sed labore incidunt.','Omnis vero quia aliquid. Ut dolorem quod. Minima nam consectetur et qui dolorum laborum ut suscipit. Nesciunt eos vel placeat.',4,5,3,10,'2022-05-05 05:34:54','2022-05-05 05:34:54'),(88,'Laborum ipsum veniam et qui ad.','Dolorem odio nihil sequi corporis. Aliquid debitis qui optio dolorem voluptas odit voluptas modi. Velit odit optio.',4,3,2,17,'2022-05-05 05:34:54','2022-05-05 05:34:54'),(89,'Eius neque nobis saepe amet.','Doloremque quia quidem deserunt exercitationem quasi ipsa fugiat quis et. Laborum mollitia culpa velit numquam est quasi rerum repudiandae ipsa. Expedita aut aut est et quaerat quaerat. Maxime vel soluta in dicta ipsam. Ut impedit ab delectus numquam quia. Unde sed beatae aut ipsum ullam aliquam ut.',1,4,3,4,'2022-05-05 05:34:54','2022-05-05 05:34:54'),(90,'Consequuntur repellendus qui quaerat qui culpa eligendi at est natus.','Ad voluptate vitae ut qui doloribus. Unde sequi reiciendis eius ut culpa ab dolores. Laborum ut illo ex vel et. Quo est impedit ullam quo illo et quos velit. Corporis accusantium voluptas blanditiis quae voluptas ut voluptatem.',2,1,1,22,'2022-05-05 05:34:54','2022-05-05 05:34:54'),(91,'Voluptatem eligendi qui et et voluptas quod velit pariatur.','Eos eligendi eum qui distinctio explicabo. Adipisci illum sit quibusdam omnis et. Eum quibusdam quibusdam libero cumque magni. Voluptatem eos alias quod ut voluptate. Cum ipsa qui distinctio veniam et voluptatum sint. Est reiciendis voluptates nihil hic alias doloribus et labore.',4,1,3,28,'2022-05-05 05:34:54','2022-05-05 05:34:54'),(92,'Temporibus possimus occaecati impedit quia iusto.','Molestiae et laboriosam et blanditiis est sit voluptatibus consequuntur. Repellendus rerum occaecati sed corrupti dicta. Laudantium voluptas corporis. A dolores voluptatibus illum officia.',4,4,1,29,'2022-05-05 05:34:54','2022-05-05 05:34:54'),(93,'Commodi voluptate voluptas quidem placeat.','Et rerum consequatur autem dolorem voluptas rerum. Voluptatem omnis eos. Quaerat labore maiores et voluptates dolor. Odio aut occaecati. Et aliquam accusantium quasi qui.',4,3,3,9,'2022-05-05 05:34:54','2022-05-05 05:34:54'),(94,'Hic est enim omnis.','Dolores aliquid ut exercitationem voluptatem harum vel. Id asperiores molestias tempore. Omnis fugit consectetur aut quae. Illo neque et ea repellendus officiis tempora consequatur qui dolor. Fugit sit voluptas expedita.',4,4,2,22,'2022-05-05 05:34:54','2022-05-05 05:34:54'),(95,'Nobis omnis nisi.','Aut qui exercitationem hic culpa laudantium. Saepe minima nobis voluptas aut molestias ea nisi est quisquam. Voluptas debitis aut. Quaerat explicabo ad laudantium non ipsa sint.',4,3,2,16,'2022-05-05 05:34:54','2022-05-05 05:34:54'),(96,'Aut labore aut aut.','Nemo blanditiis nihil vero iste assumenda nostrum et. Aut necessitatibus sit ut asperiores autem ut libero ut minus. Nostrum animi at.',3,2,1,26,'2022-05-05 05:34:54','2022-05-05 05:34:54'),(97,'Suscipit et consequuntur ratione in eum deleniti numquam.','Eaque quis aut numquam ut in. Veniam est ut dolorem rerum maiores ipsa. Placeat ut suscipit aut. Voluptatem mollitia at. Deleniti est ratione iusto est nostrum laborum earum.',3,5,3,22,'2022-05-05 05:34:54','2022-05-05 05:34:54'),(98,'Iusto eaque molestias reiciendis impedit.','Debitis autem dicta voluptatem pariatur omnis consequatur aut. Dolorum rem aut voluptatibus doloribus architecto nesciunt possimus mollitia quis. Rerum voluptatibus culpa et. Sit aspernatur ut rerum tenetur dolor voluptates tempora qui minus. Ut unde perferendis assumenda laudantium voluptas delectus dolorem id tenetur.',2,4,3,7,'2022-05-05 05:34:54','2022-05-05 05:34:54'),(99,'Harum veritatis ut necessitatibus illo et laboriosam aut architecto.','Dolores autem voluptates molestiae omnis. Incidunt impedit vero. Sunt distinctio accusantium qui et possimus voluptates ut ut autem. Sunt atque non nemo et. Illo ipsum maxime voluptatem nesciunt et a.',1,7,2,9,'2022-05-05 05:34:54','2022-05-05 05:34:54'),(100,'Dignissimos non corrupti aperiam omnis ipsam corporis.','Incidunt illum dicta at. Et velit est. Molestiae qui aut aut.',4,4,1,11,'2022-05-05 05:34:54','2022-05-05 05:34:54');
/*!40000 ALTER TABLE `post` ENABLE KEYS */;
UNLOCK TABLES;

--
-- Table structure for table `sessions`
--

DROP TABLE IF EXISTS `sessions`;
/*!40101 SET @saved_cs_client     = @@character_set_client */;
/*!50503 SET character_set_client = utf8mb4 */;
CREATE TABLE `sessions` (
  `sid` varchar(36) NOT NULL,
  `expires` datetime DEFAULT NULL,
  `data` text,
  `createdAt` datetime NOT NULL,
  `updatedAt` datetime NOT NULL,
  PRIMARY KEY (`sid`)
) ENGINE=InnoDB DEFAULT CHARSET=utf8mb4 COLLATE=utf8mb4_0900_ai_ci;
/*!40101 SET character_set_client = @saved_cs_client */;

--
-- Dumping data for table `sessions`
--

LOCK TABLES `sessions` WRITE;
/*!40000 ALTER TABLE `sessions` DISABLE KEYS */;
INSERT INTO `sessions` VALUES ('_dwHmS9XZwA8q-6H-FgYAaIzOeaCGX05','2022-05-06 06:08:24','{\"cookie\":{\"originalMaxAge\":null,\"expires\":null,\"httpOnly\":true,\"path\":\"/\"}}','2022-05-05 06:07:43','2022-05-05 06:08:24'),('02vgry5H39Bev9va33FJaeZQhbFbpxiF','2022-05-06 01:26:22','{\"cookie\":{\"originalMaxAge\":null,\"expires\":null,\"httpOnly\":true,\"path\":\"/\"},\"user_id\":32,\"username\":\"neo3\",\"loggedIn\":true}','2022-05-05 01:22:36','2022-05-05 01:26:22'),('65sVeTYt0VK2-m7tKYuk-Nz6ftyVbWyw','2022-05-06 01:06:45','{\"cookie\":{\"originalMaxAge\":null,\"expires\":null,\"httpOnly\":true,\"path\":\"/\"}}','2022-05-04 17:37:07','2022-05-05 01:06:45'),('dxJ6MUCC40xoTfdgMVUdWhFeFi7v1T4q','2022-05-06 03:36:06','{\"cookie\":{\"originalMaxAge\":null,\"expires\":null,\"httpOnly\":true,\"path\":\"/\"}}','2022-05-05 02:46:44','2022-05-05 03:36:06');
/*!40000 ALTER TABLE `sessions` ENABLE KEYS */;
UNLOCK TABLES;

--
-- Table structure for table `star`
--

DROP TABLE IF EXISTS `star`;
/*!40101 SET @saved_cs_client     = @@character_set_client */;
/*!50503 SET character_set_client = utf8mb4 */;
CREATE TABLE `star` (
  `id` int NOT NULL AUTO_INCREMENT,
  `post_id` int DEFAULT NULL,
  `user_id` int DEFAULT NULL,
  `created_at` datetime NOT NULL,
  `updated_at` datetime NOT NULL,
  PRIMARY KEY (`id`),
  UNIQUE KEY `star_post_id_user_id_unique` (`post_id`,`user_id`),
  KEY `user_id` (`user_id`),
  CONSTRAINT `star_ibfk_1` FOREIGN KEY (`post_id`) REFERENCES `post` (`id`) ON DELETE CASCADE ON UPDATE CASCADE,
  CONSTRAINT `star_ibfk_2` FOREIGN KEY (`user_id`) REFERENCES `user` (`id`) ON DELETE CASCADE ON UPDATE CASCADE
) ENGINE=InnoDB AUTO_INCREMENT=194 DEFAULT CHARSET=utf8mb4 COLLATE=utf8mb4_0900_ai_ci;
/*!40101 SET character_set_client = @saved_cs_client */;

--
-- Dumping data for table `star`
--

LOCK TABLES `star` WRITE;
/*!40000 ALTER TABLE `star` DISABLE KEYS */;
INSERT INTO `star` VALUES (1,9,5,'2022-05-05 05:34:55','2022-05-05 05:34:55'),(2,28,23,'2022-05-05 05:34:55','2022-05-05 05:34:55'),(3,2,9,'2022-05-05 05:34:55','2022-05-05 05:34:55'),(4,63,19,'2022-05-05 05:34:55','2022-05-05 05:34:55'),(5,87,17,'2022-05-05 05:34:55','2022-05-05 05:34:55'),(6,67,20,'2022-05-05 05:34:55','2022-05-05 05:34:55'),(7,33,29,'2022-05-05 05:34:55','2022-05-05 05:34:55'),(8,70,4,'2022-05-05 05:34:55','2022-05-05 05:34:55'),(9,9,13,'2022-05-05 05:34:55','2022-05-05 05:34:55'),(10,54,17,'2022-05-05 05:34:55','2022-05-05 05:34:55'),(11,31,7,'2022-05-05 05:34:55','2022-05-05 05:34:55'),(12,97,18,'2022-05-05 05:34:55','2022-05-05 05:34:55'),(13,43,30,'2022-05-05 05:34:55','2022-05-05 05:34:55'),(14,34,11,'2022-05-05 05:34:55','2022-05-05 05:34:55'),(15,97,24,'2022-05-05 05:34:55','2022-05-05 05:34:55'),(16,88,26,'2022-05-05 05:34:55','2022-05-05 05:34:55'),(17,32,26,'2022-05-05 05:34:55','2022-05-05 05:34:55'),(18,54,6,'2022-05-05 05:34:55','2022-05-05 05:34:55'),(19,80,3,'2022-05-05 05:34:55','2022-05-05 05:34:55'),(20,62,9,'2022-05-05 05:34:55','2022-05-05 05:34:55'),(21,90,2,'2022-05-05 05:34:55','2022-05-05 05:34:55'),(22,77,12,'2022-05-05 05:34:55','2022-05-05 05:34:55'),(23,23,12,'2022-05-05 05:34:55','2022-05-05 05:34:55'),(24,40,1,'2022-05-05 05:34:55','2022-05-05 05:34:55'),(25,56,15,'2022-05-05 05:34:55','2022-05-05 05:34:55'),(26,3,30,'2022-05-05 05:34:55','2022-05-05 05:34:55'),(27,27,30,'2022-05-05 05:34:55','2022-05-05 05:34:55'),(28,66,22,'2022-05-05 05:34:55','2022-05-05 05:34:55'),(29,1,14,'2022-05-05 05:34:55','2022-05-05 05:34:55'),(30,27,16,'2022-05-05 05:34:55','2022-05-05 05:34:55'),(31,40,21,'2022-05-05 05:34:55','2022-05-05 05:34:55'),(32,56,22,'2022-05-05 05:34:55','2022-05-05 05:34:55'),(33,63,4,'2022-05-05 05:34:55','2022-05-05 05:34:55'),(34,52,7,'2022-05-05 05:34:55','2022-05-05 05:34:55'),(35,52,11,'2022-05-05 05:34:55','2022-05-05 05:34:55'),(36,66,30,'2022-05-05 05:34:55','2022-05-05 05:34:55'),(37,7,22,'2022-05-05 05:34:55','2022-05-05 05:34:55'),(38,47,27,'2022-05-05 05:34:55','2022-05-05 05:34:55'),(39,57,19,'2022-05-05 05:34:55','2022-05-05 05:34:55'),(40,75,2,'2022-05-05 05:34:55','2022-05-05 05:34:55'),(41,15,10,'2022-05-05 05:34:55','2022-05-05 05:34:55'),(42,81,13,'2022-05-05 05:34:55','2022-05-05 05:34:55'),(43,72,14,'2022-05-05 05:34:55','2022-05-05 05:34:55'),(44,60,29,'2022-05-05 05:34:55','2022-05-05 05:34:55'),(45,25,3,'2022-05-05 05:34:55','2022-05-05 05:34:55'),(46,32,12,'2022-05-05 05:34:55','2022-05-05 05:34:55'),(47,97,17,'2022-05-05 05:34:55','2022-05-05 05:34:55'),(48,7,19,'2022-05-05 05:34:55','2022-05-05 05:34:55'),(49,59,15,'2022-05-05 05:34:55','2022-05-05 05:34:55'),(50,52,27,'2022-05-05 05:34:55','2022-05-05 05:34:55'),(51,10,1,'2022-05-05 05:34:55','2022-05-05 05:34:55'),(52,58,30,'2022-05-05 05:34:55','2022-05-05 05:34:55'),(53,60,21,'2022-05-05 05:34:55','2022-05-05 05:34:55'),(54,57,18,'2022-05-05 05:34:55','2022-05-05 05:34:55'),(55,36,12,'2022-05-05 05:34:55','2022-05-05 05:34:55'),(56,48,17,'2022-05-05 05:34:55','2022-05-05 05:34:55'),(57,45,5,'2022-05-05 05:34:55','2022-05-05 05:34:55'),(58,52,1,'2022-05-05 05:34:55','2022-05-05 05:34:55'),(59,37,15,'2022-05-05 05:34:55','2022-05-05 05:34:55'),(60,59,3,'2022-05-05 05:34:55','2022-05-05 05:34:55'),(61,8,25,'2022-05-05 05:34:55','2022-05-05 05:34:55'),(62,71,23,'2022-05-05 05:34:55','2022-05-05 05:34:55'),(63,83,6,'2022-05-05 05:34:55','2022-05-05 05:34:55'),(64,100,26,'2022-05-05 05:34:55','2022-05-05 05:34:55'),(65,17,5,'2022-05-05 05:34:55','2022-05-05 05:34:55'),(66,53,27,'2022-05-05 05:34:55','2022-05-05 05:34:55'),(67,54,28,'2022-05-05 05:34:55','2022-05-05 05:34:55'),(68,45,11,'2022-05-05 05:34:55','2022-05-05 05:34:55'),(69,81,21,'2022-05-05 05:34:55','2022-05-05 05:34:55'),(70,97,9,'2022-05-05 05:34:55','2022-05-05 05:34:55'),(71,1,6,'2022-05-05 05:34:55','2022-05-05 05:34:55'),(72,54,26,'2022-05-05 05:34:55','2022-05-05 05:34:55'),(73,26,29,'2022-05-05 05:34:55','2022-05-05 05:34:55'),(74,90,8,'2022-05-05 05:34:55','2022-05-05 05:34:55'),(75,73,7,'2022-05-05 05:34:55','2022-05-05 05:34:55'),(76,87,8,'2022-05-05 05:34:55','2022-05-05 05:34:55'),(77,40,5,'2022-05-05 05:34:55','2022-05-05 05:34:55'),(78,41,30,'2022-05-05 05:34:55','2022-05-05 05:34:55'),(79,40,10,'2022-05-05 05:34:55','2022-05-05 05:34:55'),(80,87,11,'2022-05-05 05:34:55','2022-05-05 05:34:55'),(81,96,7,'2022-05-05 05:34:55','2022-05-05 05:34:55'),(82,7,17,'2022-05-05 05:34:55','2022-05-05 05:34:55'),(83,46,23,'2022-05-05 05:34:55','2022-05-05 05:34:55'),(84,36,2,'2022-05-05 05:34:55','2022-05-05 05:34:55'),(85,66,15,'2022-05-05 05:34:55','2022-05-05 05:34:55'),(86,81,6,'2022-05-05 05:34:55','2022-05-05 05:34:55'),(87,38,29,'2022-05-05 05:34:55','2022-05-05 05:34:55'),(88,76,14,'2022-05-05 05:34:55','2022-05-05 05:34:55'),(89,9,30,'2022-05-05 05:34:55','2022-05-05 05:34:55'),(90,1,25,'2022-05-05 05:34:55','2022-05-05 05:34:55'),(91,79,12,'2022-05-05 05:34:55','2022-05-05 05:34:55'),(92,26,26,'2022-05-05 05:34:55','2022-05-05 05:34:55'),(93,53,2,'2022-05-05 05:34:55','2022-05-05 05:34:55'),(94,82,18,'2022-05-05 05:34:55','2022-05-05 05:34:55'),(95,16,15,'2022-05-05 05:34:55','2022-05-05 05:34:55'),(96,76,1,'2022-05-05 05:34:55','2022-05-05 05:34:55'),(97,87,14,'2022-05-05 05:34:55','2022-05-05 05:34:55'),(98,41,29,'2022-05-05 05:34:55','2022-05-05 05:34:55'),(99,88,25,'2022-05-05 05:34:55','2022-05-05 05:34:55'),(100,11,16,'2022-05-05 05:34:55','2022-05-05 05:34:55'),(101,100,10,'2022-05-05 05:34:55','2022-05-05 05:34:55'),(102,23,17,'2022-05-05 05:34:55','2022-05-05 05:34:55'),(103,83,28,'2022-05-05 05:34:55','2022-05-05 05:34:55'),(104,8,9,'2022-05-05 05:34:55','2022-05-05 05:34:55'),(105,69,3,'2022-05-05 05:34:55','2022-05-05 05:34:55'),(106,50,6,'2022-05-05 05:34:55','2022-05-05 05:34:55'),(107,2,22,'2022-05-05 05:34:55','2022-05-05 05:34:55'),(108,79,23,'2022-05-05 05:34:55','2022-05-05 05:34:55'),(109,12,2,'2022-05-05 05:34:55','2022-05-05 05:34:55'),(110,21,4,'2022-05-05 05:34:55','2022-05-05 05:34:55'),(111,10,7,'2022-05-05 05:34:55','2022-05-05 05:34:55'),(112,89,8,'2022-05-05 05:34:55','2022-05-05 05:34:55'),(113,1,30,'2022-05-05 05:34:55','2022-05-05 05:34:55'),(114,45,23,'2022-05-05 05:34:55','2022-05-05 05:34:55'),(115,34,8,'2022-05-05 05:34:55','2022-05-05 05:34:55'),(116,100,5,'2022-05-05 05:34:55','2022-05-05 05:34:55'),(117,91,29,'2022-05-05 05:34:55','2022-05-05 05:34:55'),(118,16,9,'2022-05-05 05:34:55','2022-05-05 05:34:55'),(119,97,23,'2022-05-05 05:34:55','2022-05-05 05:34:55'),(120,51,10,'2022-05-05 05:34:55','2022-05-05 05:34:55'),(121,29,5,'2022-05-05 05:34:55','2022-05-05 05:34:55'),(122,12,3,'2022-05-05 05:34:55','2022-05-05 05:34:55'),(123,59,30,'2022-05-05 05:34:55','2022-05-05 05:34:55'),(124,18,6,'2022-05-05 05:34:55','2022-05-05 05:34:55'),(125,56,27,'2022-05-05 05:34:55','2022-05-05 05:34:55'),(126,84,30,'2022-05-05 05:34:55','2022-05-05 05:34:55'),(127,67,14,'2022-05-05 05:34:55','2022-05-05 05:34:55'),(128,90,4,'2022-05-05 05:34:55','2022-05-05 05:34:55'),(129,100,30,'2022-05-05 05:34:55','2022-05-05 05:34:55'),(130,52,2,'2022-05-05 05:34:55','2022-05-05 05:34:55'),(131,17,25,'2022-05-05 05:34:55','2022-05-05 05:34:55'),(132,60,30,'2022-05-05 05:34:55','2022-05-05 05:34:55'),(133,90,25,'2022-05-05 05:34:55','2022-05-05 05:34:55'),(134,3,29,'2022-05-05 05:34:55','2022-05-05 05:34:55'),(135,100,1,'2022-05-05 05:34:55','2022-05-05 05:34:55'),(136,85,23,'2022-05-05 05:34:55','2022-05-05 05:34:55'),(137,13,9,'2022-05-05 05:34:55','2022-05-05 05:34:55'),(138,92,1,'2022-05-05 05:34:55','2022-05-05 05:34:55'),(139,80,2,'2022-05-05 05:34:55','2022-05-05 05:34:55'),(140,10,4,'2022-05-05 05:34:55','2022-05-05 05:34:55'),(141,5,8,'2022-05-05 05:34:55','2022-05-05 05:34:55'),(142,71,26,'2022-05-05 05:34:55','2022-05-05 05:34:55'),(143,42,5,'2022-05-05 05:34:55','2022-05-05 05:34:55'),(144,13,5,'2022-05-05 05:34:55','2022-05-05 05:34:55'),(145,89,26,'2022-05-05 05:34:55','2022-05-05 05:34:55'),(146,21,12,'2022-05-05 05:34:55','2022-05-05 05:34:55'),(147,30,12,'2022-05-05 05:34:55','2022-05-05 05:34:55'),(148,70,27,'2022-05-05 05:34:55','2022-05-05 05:34:55'),(149,94,2,'2022-05-05 05:34:55','2022-05-05 05:34:55'),(150,38,1,'2022-05-05 05:34:55','2022-05-05 05:34:55'),(151,18,28,'2022-05-05 05:34:55','2022-05-05 05:34:55'),(152,51,25,'2022-05-05 05:34:55','2022-05-05 05:34:55'),(153,92,23,'2022-05-05 05:34:55','2022-05-05 05:34:55'),(154,28,1,'2022-05-05 05:34:55','2022-05-05 05:34:55'),(155,62,6,'2022-05-05 05:34:55','2022-05-05 05:34:55'),(156,91,28,'2022-05-05 05:34:55','2022-05-05 05:34:55'),(157,15,18,'2022-05-05 05:34:55','2022-05-05 05:34:55'),(158,51,19,'2022-05-05 05:34:55','2022-05-05 05:34:55'),(159,17,3,'2022-05-05 05:34:55','2022-05-05 05:34:55'),(160,17,7,'2022-05-05 05:34:55','2022-05-05 05:34:55'),(161,65,15,'2022-05-05 05:34:55','2022-05-05 05:34:55'),(162,67,27,'2022-05-05 05:34:55','2022-05-05 05:34:55'),(163,4,18,'2022-05-05 05:34:55','2022-05-05 05:34:55'),(164,75,16,'2022-05-05 05:34:55','2022-05-05 05:34:55'),(165,22,21,'2022-05-05 05:34:55','2022-05-05 05:34:55'),(166,10,24,'2022-05-05 05:34:55','2022-05-05 05:34:55'),(167,27,15,'2022-05-05 05:34:55','2022-05-05 05:34:55'),(168,62,24,'2022-05-05 05:34:55','2022-05-05 05:34:55'),(169,47,17,'2022-05-05 05:34:55','2022-05-05 05:34:55'),(170,77,10,'2022-05-05 05:34:55','2022-05-05 05:34:55'),(171,31,2,'2022-05-05 05:34:55','2022-05-05 05:34:55'),(172,3,8,'2022-05-05 05:34:55','2022-05-05 05:34:55'),(173,8,7,'2022-05-05 05:34:55','2022-05-05 05:34:55'),(174,98,12,'2022-05-05 05:34:55','2022-05-05 05:34:55'),(175,88,12,'2022-05-05 05:34:55','2022-05-05 05:34:55'),(176,5,25,'2022-05-05 05:34:55','2022-05-05 05:34:55'),(177,51,15,'2022-05-05 05:34:55','2022-05-05 05:34:55'),(178,41,17,'2022-05-05 05:34:55','2022-05-05 05:34:55'),(179,67,9,'2022-05-05 05:34:55','2022-05-05 05:34:55'),(180,8,22,'2022-05-05 05:34:55','2022-05-05 05:34:55'),(181,67,8,'2022-05-05 05:34:55','2022-05-05 05:34:55'),(182,92,18,'2022-05-05 05:34:55','2022-05-05 05:34:55'),(183,89,30,'2022-05-05 05:34:55','2022-05-05 05:34:55'),(184,3,4,'2022-05-05 05:34:55','2022-05-05 05:34:55'),(185,29,30,'2022-05-05 05:34:55','2022-05-05 05:34:55'),(186,57,29,'2022-05-05 05:34:55','2022-05-05 05:34:55'),(187,93,27,'2022-05-05 05:34:55','2022-05-05 05:34:55'),(188,29,17,'2022-05-05 05:34:55','2022-05-05 05:34:55'),(189,32,16,'2022-05-05 05:34:55','2022-05-05 05:34:55'),(190,14,14,'2022-05-05 05:34:55','2022-05-05 05:34:55'),(191,37,26,'2022-05-05 05:34:55','2022-05-05 05:34:55'),(192,83,10,'2022-05-05 05:34:55','2022-05-05 05:34:55'),(193,53,26,'2022-05-05 05:34:55','2022-05-05 05:34:55');
/*!40000 ALTER TABLE `star` ENABLE KEYS */;
UNLOCK TABLES;

--
-- Table structure for table `type`
--

DROP TABLE IF EXISTS `type`;
/*!40101 SET @saved_cs_client     = @@character_set_client */;
/*!50503 SET character_set_client = utf8mb4 */;
CREATE TABLE `type` (
  `id` int NOT NULL AUTO_INCREMENT,
  `name` varchar(255) NOT NULL,
  `created_at` datetime NOT NULL,
  `updated_at` datetime NOT NULL,
  PRIMARY KEY (`id`)
) ENGINE=InnoDB AUTO_INCREMENT=5 DEFAULT CHARSET=utf8mb4 COLLATE=utf8mb4_0900_ai_ci;
/*!40101 SET character_set_client = @saved_cs_client */;

--
-- Dumping data for table `type`
--

LOCK TABLES `type` WRITE;
/*!40000 ALTER TABLE `type` DISABLE KEYS */;
INSERT INTO `type` VALUES (1,'Interview','2022-05-05 05:34:53','2022-05-05 05:34:53'),(2,'Work','2022-05-05 05:34:53','2022-05-05 05:34:53'),(3,'Homework','2022-05-05 05:34:53','2022-05-05 05:34:53'),(4,'Other','2022-05-05 05:34:53','2022-05-05 05:34:53');
/*!40000 ALTER TABLE `type` ENABLE KEYS */;
UNLOCK TABLES;

--
-- Table structure for table `user`
--

DROP TABLE IF EXISTS `user`;
/*!40101 SET @saved_cs_client     = @@character_set_client */;
/*!50503 SET character_set_client = utf8mb4 */;
CREATE TABLE `user` (
  `id` int NOT NULL AUTO_INCREMENT,
  `username` varchar(50) NOT NULL,
  `email` varchar(50) NOT NULL,
  `password` varchar(255) NOT NULL,
  `membership` tinyint(1) DEFAULT '0',
  `avatar` varchar(255) DEFAULT '/assets/test/stephen_instructor.jpg',
  PRIMARY KEY (`id`),
  UNIQUE KEY `username` (`username`),
  UNIQUE KEY `email` (`email`)
) ENGINE=InnoDB AUTO_INCREMENT=32 DEFAULT CHARSET=utf8mb4 COLLATE=utf8mb4_0900_ai_ci;
/*!40101 SET character_set_client = @saved_cs_client */;

--
-- Dumping data for table `user`
--

LOCK TABLES `user` WRITE;
/*!40000 ALTER TABLE `user` DISABLE KEYS */;
INSERT INTO `user` VALUES (1,'Mason','Brady_Shanahan@gmail.com','$2b$10$aapW/WkyDuD.If6CzP07FOBVh2xzPJPCZjqIZZzbHGJJ37KzK5J4C',1,'/assets/test/mason.jpg'),(2,'Real_Stephen','Yasmin_Huels@hotmail.com','$2b$10$HDhLhj.q95/K71poTjsptOt2R/2u269zkuyVX.UDE.8jZ8Ss7NZbG',0,'/assets/test/stephen.jpg'),(3,'Nick','Eleonore_Schimmel52@yahoo.com','$2b$10$hhMgLk6BJpLUhmO6yAiJVOPKKh9F4Ranmb.1n3nhMzXZX7r6YWyXO',1,'/assets/test/nick.jpg'),(4,'Steven','Bernhard.Skiles28@yahoo.com','$2b$10$tA./9ihlC1CyAGiiXf4jR.CBmiTLHH36ndSxSF293TduZvZDoTM4i',0,'/assets/test/steven.jpg'),(5,'Brody.Lesch53','Thelma99@hotmail.com','$2b$10$pszOGaag4NHPGFiRhUGOMeNSrXe14rf98.hVsB82irMPitSGuDStC',0,'/assets/test/mason.jpg'),(6,'Ettie23','Blaze_Hand@hotmail.com','$2b$10$exGlg.n.myDOkUSAEXdxU.h6IfnvoD5DROjmjZgJ774FciknQNOfi',0,'https://cloudflare-ipfs.com/ipfs/Qmd3W5DuhgHirLHGVixi6V76LhCkZUz6pnFt5AJBiyvHye/avatar/767.jpg'),(7,'Estella.Bauch','Myrtis.Wuckert@hotmail.com','$2b$10$s5yGyIcS2Kz2BRbGBPtAeO7dGoVulWGhctFellXXv1mZJ8TY5zSie',0,'https://cloudflare-ipfs.com/ipfs/Qmd3W5DuhgHirLHGVixi6V76LhCkZUz6pnFt5AJBiyvHye/avatar/107.jpg'),(8,'Eric95','Janessa.Kohler@hotmail.com','$2b$10$U1tlZb68ost72khiUdA6oekzF.LcIotM0kYhsNfEJ/qyUb7CUU0PS',1,'https://cloudflare-ipfs.com/ipfs/Qmd3W5DuhgHirLHGVixi6V76LhCkZUz6pnFt5AJBiyvHye/avatar/1074.jpg'),(9,'Amanda22','Carmine.Jacobi@gmail.com','$2b$10$v2z0j6Q6LSkYVXH4DYmbUO9KPyvp99.SMxUmkEqLYhH6ZNhcJgRju',1,'https://cloudflare-ipfs.com/ipfs/Qmd3W5DuhgHirLHGVixi6V76LhCkZUz6pnFt5AJBiyvHye/avatar/124.jpg'),(10,'Kelsie_Kerluke25','Romaine.Dickens83@yahoo.com','$2b$10$hXe2PiuyEhPILhkt.QXh4uTQfLY7dtIwczCdnTTTPb5cJoQGET6vu',1,'https://cloudflare-ipfs.com/ipfs/Qmd3W5DuhgHirLHGVixi6V76LhCkZUz6pnFt5AJBiyvHye/avatar/199.jpg'),(11,'Heath39','Liam8@hotmail.com','$2b$10$objUlft/BXO6e9qQMSHV2uQhOs2hVsZCuxt.k8KJXuNPUnWsE3acK',0,'https://cloudflare-ipfs.com/ipfs/Qmd3W5DuhgHirLHGVixi6V76LhCkZUz6pnFt5AJBiyvHye/avatar/247.jpg'),(12,'Ronny_Bernier84','Annie_Murphy@gmail.com','$2b$10$FjPb.x/B6wzWGyJ8nbUeY.RnlyzmGzCNFjInc4K21Gld0iEKJYkmu',1,'https://cloudflare-ipfs.com/ipfs/Qmd3W5DuhgHirLHGVixi6V76LhCkZUz6pnFt5AJBiyvHye/avatar/541.jpg'),(13,'Francisco.Emard72','Kariane_Mills68@gmail.com','$2b$10$JgEWieFsUvL7JSmBlmRhLub4elGEiPjteXr.7GWj7F08y3ax55AYa',1,'https://cloudflare-ipfs.com/ipfs/Qmd3W5DuhgHirLHGVixi6V76LhCkZUz6pnFt5AJBiyvHye/avatar/1227.jpg'),(14,'Santos_Cummings','Bertram92@yahoo.com','$2b$10$cxvV3kpZR.SbtNJn6BbiXeM5KTeeSZQwKLr8w9WPLqFZQ8AF.RfZ6',0,'https://cloudflare-ipfs.com/ipfs/Qmd3W5DuhgHirLHGVixi6V76LhCkZUz6pnFt5AJBiyvHye/avatar/1129.jpg'),(15,'Aliyah.Russel86','Ottilie.Balistreri@hotmail.com','$2b$10$fZ1s9Oz.eDqT6ovW3uJtR.7mRf.Pr89STE/TqHXEINVhgB2lA7X4q',0,'https://cloudflare-ipfs.com/ipfs/Qmd3W5DuhgHirLHGVixi6V76LhCkZUz6pnFt5AJBiyvHye/avatar/641.jpg'),(16,'Major25','Ansley_Rath@gmail.com','$2b$10$S0INmySnA88FiVg03R8UxugGlImen3YpaX7rFaQeKOz0FP8LPWA9W',0,'https://cloudflare-ipfs.com/ipfs/Qmd3W5DuhgHirLHGVixi6V76LhCkZUz6pnFt5AJBiyvHye/avatar/297.jpg'),(17,'Bobby_Turner','Kurt.Aufderhar@hotmail.com','$2b$10$tW1asFuDVgKc0k8kPyzCLenVc3DSHNsVoRU6imzmKuKB5P2nzBfAS',0,'https://cloudflare-ipfs.com/ipfs/Qmd3W5DuhgHirLHGVixi6V76LhCkZUz6pnFt5AJBiyvHye/avatar/726.jpg'),(18,'Kaya5','Pink44@yahoo.com','$2b$10$QAOYVbFDNM90oV/O/psN1OG/liMEjfMvl8ev5HDF0nOhlsbCb3UKC',1,'https://cloudflare-ipfs.com/ipfs/Qmd3W5DuhgHirLHGVixi6V76LhCkZUz6pnFt5AJBiyvHye/avatar/286.jpg'),(19,'Nat.Spencer13','Yesenia10@hotmail.com','$2b$10$0VrKaMplu4GY9MmpdNzpmeYP5Sw94GjeOjaWD5LGdehZXb5VVXz.u',0,'https://cloudflare-ipfs.com/ipfs/Qmd3W5DuhgHirLHGVixi6V76LhCkZUz6pnFt5AJBiyvHye/avatar/841.jpg'),(20,'Sandy99','Coby.Predovic@hotmail.com','$2b$10$sV9Oeb4nlmeLXxjK3QvlU.RBUxo7B6UIHs4XkHYkW08v75/wQsNQi',0,'https://cloudflare-ipfs.com/ipfs/Qmd3W5DuhgHirLHGVixi6V76LhCkZUz6pnFt5AJBiyvHye/avatar/902.jpg'),(21,'Orville59','Darius63@hotmail.com','$2b$10$/LOrsPFEfS0ArO7hGTz3ueGmLFPE9OWw/FYOWrBQAwfUO/T1LHogi',0,'https://cloudflare-ipfs.com/ipfs/Qmd3W5DuhgHirLHGVixi6V76LhCkZUz6pnFt5AJBiyvHye/avatar/1155.jpg'),(22,'Pansy97','Laney.Friesen@hotmail.com','$2b$10$KkEq/lqUUqFmUTtAu5Jl9u2yfRQXKQ2bGHDnKDSFHmtT8T1cm.We6',0,'https://cloudflare-ipfs.com/ipfs/Qmd3W5DuhgHirLHGVixi6V76LhCkZUz6pnFt5AJBiyvHye/avatar/1122.jpg'),(23,'Hilbert_Bailey','Annette.Moore56@gmail.com','$2b$10$VIMVHQcdCJvU64oAG.kmX.s00LCEPfUVNd.xViio7/pwfL6svJoW6',1,'https://cloudflare-ipfs.com/ipfs/Qmd3W5DuhgHirLHGVixi6V76LhCkZUz6pnFt5AJBiyvHye/avatar/120.jpg'),(24,'Bettie.Stracke','Reanna79@hotmail.com','$2b$10$ut2j2qTJIhLTKOdvbqoJkOK7wp5JSaxdmh.i0sOs9lUzaPnvNdTvq',1,'https://cloudflare-ipfs.com/ipfs/Qmd3W5DuhgHirLHGVixi6V76LhCkZUz6pnFt5AJBiyvHye/avatar/950.jpg'),(25,'Noble_Corwin77','Vergie93@yahoo.com','$2b$10$qMetyZ2MY.RKSHN2eWykKe6VJu/d8pVTlI6TrsiDna64NzwT0BIEC',0,'https://cloudflare-ipfs.com/ipfs/Qmd3W5DuhgHirLHGVixi6V76LhCkZUz6pnFt5AJBiyvHye/avatar/1022.jpg'),(26,'Maxine_Smitham7','Tod_Bahringer@yahoo.com','$2b$10$OEaeh1NwcG5mqKL.rdGUueBPCAfdd2qB6UqE1OMEYt.fKy/Z6e/xe',1,'https://cloudflare-ipfs.com/ipfs/Qmd3W5DuhgHirLHGVixi6V76LhCkZUz6pnFt5AJBiyvHye/avatar/377.jpg'),(27,'Adam_Prohaska32','Gardner_VonRueden91@hotmail.com','$2b$10$mvLXCvn6q958QdJYF7VIE.E5vyGfA1ekzamkbNtMoMXPzVcSCBfja',1,'https://cloudflare-ipfs.com/ipfs/Qmd3W5DuhgHirLHGVixi6V76LhCkZUz6pnFt5AJBiyvHye/avatar/442.jpg'),(28,'Emerson_Upton','Billy55@hotmail.com','$2b$10$Id8/8FSlSNSTDGQ9NR8uP.ZtQIodPXm9KWP29icE1P539NRamrN.e',0,'https://cloudflare-ipfs.com/ipfs/Qmd3W5DuhgHirLHGVixi6V76LhCkZUz6pnFt5AJBiyvHye/avatar/513.jpg'),(29,'Ethan.Hahn','Karolann.Auer39@hotmail.com','$2b$10$9SUz6vIOu.5ExuuTr7bVN.OJW5z6nvGHM1hAFN2B5TtIe4pQFEgtC',0,'https://cloudflare-ipfs.com/ipfs/Qmd3W5DuhgHirLHGVixi6V76LhCkZUz6pnFt5AJBiyvHye/avatar/1210.jpg'),(30,'Dannie_Ziemann','Keshawn_Roberts13@hotmail.com','$2b$10$5W94cudk.GPyPyLQ/LT4/Ou18XOimFh0F4VJleqvY4Behr.w6vVnW',0,'https://cloudflare-ipfs.com/ipfs/Qmd3W5DuhgHirLHGVixi6V76LhCkZUz6pnFt5AJBiyvHye/avatar/647.jpg');
/*!40000 ALTER TABLE `user` ENABLE KEYS */;
UNLOCK TABLES;
/*!40103 SET TIME_ZONE=@OLD_TIME_ZONE */;

/*!40101 SET SQL_MODE=@OLD_SQL_MODE */;
/*!40014 SET FOREIGN_KEY_CHECKS=@OLD_FOREIGN_KEY_CHECKS */;
/*!40014 SET UNIQUE_CHECKS=@OLD_UNIQUE_CHECKS */;
/*!40101 SET CHARACTER_SET_CLIENT=@OLD_CHARACTER_SET_CLIENT */;
/*!40101 SET CHARACTER_SET_RESULTS=@OLD_CHARACTER_SET_RESULTS */;
/*!40101 SET COLLATION_CONNECTION=@OLD_COLLATION_CONNECTION */;
/*!40111 SET SQL_NOTES=@OLD_SQL_NOTES */;

-- Dump completed on 2022-05-05  0:11:56
